Symbol,Company Name,Market Cap,Div. ($),Div. Yield,Payout Ratio,Div. Growth,Payout Freq.,Div. Gr. Years,Div. Years,Div. Growth 3Y,Div. Growth 5Y,Category,fiveYearAvgDivdendYield,Trainling_5Y_avg_dividend_yield,Trainling_5Y_min_dividend_yield,Trainling_5Y_max_dividend_yield,Trainling_10Y_avg_dividend_yield,Trainling_10Y_min_dividend_yield,Trainling_10Y_max_dividend_yield,Sector,Industry,FCF_Dividend_Ratio,Debt_to_Equity,ROE,Five_y_DividendYield_diff,Ten_y_DividendYield_diff
WMT,Walmart Inc.,906.43B,0.99,0.0087,0.34409999999999996,0.0712,Quarterly,53.0,54.0,0.0891,0.0601,Aristocrat+King,0.0,0.013194545392623375,0.007048523311995335,0.019880471720067343,0.018628818137189106,0.007048523311995335,0.03565576705491324,Consumer Defensive,Discount Stores,0.87,74.82,24.13,0,-0.5329816451086608
JNJ,Johnson & Johnson,618.61B,5.36,0.0209,0.6068,0.0438,Quarterly,64.0,64.0,0.045899999999999996,0.0508,Aristocrat+King,0.0,0.03013633859162854,0.020056878445846256,0.036382926117574474,0.03140565910288076,0.020056878445846256,0.04067062980677446,Healthcare,Drug Manufacturers - General,0.97,67.73,26.42,0,-0.33451484232397805
XOM,ExxonMobil Holdings Corporation,575.58B,4.12,0.0297,0.687,0.0408,Quarterly,45.0,56.0,0.0416,0.0323,Aristocrat,0.0,0.04081779063958273,0.024190613291991955,0.07813378790984195,0.0549809751346264,0.024190613291991955,0.14607389383499625,Energy,Oil & Gas Integrated,0.68,18.26,9.87,0,-0.45981314577857907
CSCO,"Cisco Systems, Inc.",478.14B,1.68,0.0139,0.5533,0.024700000000000003,Quarterly,14.0,16.0,0.0253,0.026000000000000002,SCHD,0.0,0.030252103041021557,0.012971421643942035,0.042869684014057975,0.0346089885688204,0.012971421643942035,0.05091256207889373,Technology,Communication Equipment,1.4,67.54,25.23,0,-0.5983702334334423
CAT,Caterpillar Inc.,438.67B,6.04,0.0063,0.30670000000000003,0.0732,Quarterly,33.0,56.0,0.0793,0.0796,Aristocrat,0.0,0.018244569813915094,0.005671893944526271,0.0314417006373342,0.025169762227174413,0.005671893944526271,0.05196707590506891,Industrials,Farm & Heavy Construction Machinery,1.26,230.79,51.33,0,-0.7496996617155869
ABBV,AbbVie Inc.,438.31B,6.92,0.0279,3.3644,0.0556,Quarterly,54.0,54.0,0.053,0.061,Aristocrat+King+SCHD,0.0,0.04028938432368777,0.026506300248447003,0.05830160598045027,0.04992996663743752,0.026506300248447003,0.09412103058493088,Healthcare,Drug Manufacturers - General,1.7,0.0,0.0,0,-0.44121733141554786
KO,The Coca-Cola Company,359.21B,2.12,0.0254,0.6541,0.0452,Quarterly,64.0,64.0,0.049400000000000006,0.0461,Aristocrat+King+SCHD,0.0,0.03166641558052716,0.025196101917975756,0.0380680711736335,0.03652242193525095,0.025196101917975756,0.052727378425587036,Consumer Defensive,Beverages - Non-Alcoholic,0.34,124.94,43.37,0,-0.3045368117965841
CVX,Chevron Corporation,348.82B,7.12,0.0404,1.2142,0.0449,Quarterly,39.0,56.0,0.06,0.0602,Aristocrat+SCHD,0.0,0.045582919309192484,0.034028954374791975,0.06886225909709003,0.05309867109152254,0.034028954374791975,0.12527309391599,Energy,Oil & Gas Integrated,0.83,23.99,6.64,0,-0.23915233339144612
PG,The Procter & Gamble Company,342.40B,4.23,0.0288,0.6371,0.0446,Quarterly,70.0,70.0,0.05,0.056100000000000004,Aristocrat+King,0.0,0.026933524581528204,0.02334517794419811,0.03252703983143493,0.03108935892423435,0.02334517794419811,0.04985798132301056,Consumer Defensive,Household & Personal Products,1.28,67.65,31.11,0,-0.0736380228943795
HD,"The Home Depot, Inc.",342.31B,9.32,0.027200000000000002,0.6577,0.0176,Quarterly,16.0,40.0,0.0508,0.0801,SCHD,0.0,0.026079972251452546,0.01779577671545426,0.032420787328813004,0.026742545560786663,0.01779577671545426,0.04593506410671267,Consumer Cyclical,Home Improvement Retail,1.09,459.36,128.38,0,0.017105867434105335
MRK,"Merck & Co., Inc.",305.12B,3.40,0.0275,0.9396,0.05,Quarterly,15.0,56.0,0.0527,0.0559,SCHD,0.0,0.033246261923083276,0.02474756520758838,0.04603026872984559,0.03559947512713744,0.02474756520758838,0.046445394244763086,Healthcare,Drug Manufacturers - General,1.67,106.94,18.94,0,-0.22751670068762384
TXN,Texas Instruments Incorporated,283.46B,5.68,0.0182,0.9605,0.0446,Quarterly,22.0,56.0,0.0489,0.0725,SCHD,0.0,0.02978149063635404,0.0170940171568157,0.039758537148211814,0.03068855142489837,0.0170940171568157,0.04588695215830277,Technology,Semiconductors,0.21,83.74,32.35,0,-0.40694496302507466
IBM,International Business Machines Corporation,270.27B,6.76,0.0235,0.595,0.006,Quarterly,30.0,56.0,0.006,0.0060999999999999995,Aristocrat,0.0,0.043041331904930466,0.02053275756893475,0.06720245177342385,0.05177753297621019,0.02053275756893475,0.08874374541220809,Technology,Information Technology Services,2.06,211.17,35.77,0,-0.5461351932159967
LIN,Linde plc,244.95B,6.40,0.0121,0.41119999999999995,0.0727,Quarterly,33.0,35.0,0.0823,0.0891,Aristocrat,0.0,0.013933453427856613,0.011169076944196452,0.01860419388928269,0.018347846284954165,0.011169076944196452,0.03184153601465623,Basic Materials,Specialty Chemicals,1.59,65.64,18.23,0,-0.3405220529930864
AMGN,Amgen Inc.,196.12B,10.08,0.0277,0.6820999999999999,0.0583,Quarterly,15.0,16.0,0.0638,0.0784,SCHD,0.0,0.034030853433896835,0.02513101867952802,0.043600327334287016,0.03437331250884425,0.02513101867952802,0.043600327334287016,Healthcare,Drug Manufacturers - General,1.37,623.75,101.32,0,-0.1941422581000073
MCD,McDonald's Corporation,195.10B,7.44,0.0271,0.6058,0.053,Quarterly,51.0,51.0,0.0736,0.075,Aristocrat,0.0,0.02423475040568356,0.021637085531206503,0.02848734745526301,0.027210014813615232,0.021637085531206503,0.04215666163187372,Consumer Cyclical,Restaurants,1.13,0.0,0.0,0,-0.004043173602396718
PEP,"PepsiCo, Inc.",187.51B,5.92,0.0431,0.7757999999999999,0.047400000000000005,Quarterly,54.0,56.0,0.0682,0.0677,Aristocrat+King+SCHD,0.0,0.03392954247243622,0.02622513178001363,0.046222155255903306,0.03557209406874096,0.02622513178001363,0.04749553407175689,Consumer Defensive,Beverages - Non-Alcoholic,1.08,244.84,43.88,0,0.21162391836454172
NEE,"NextEra Energy, Inc.",183.45B,2.49,0.028300000000000002,0.6042000000000001,0.1,Quarterly,30.0,56.0,0.1005,0.1011,Aristocrat,0.0,0.02777422242145438,0.01864428168010801,0.04118405655769486,0.02879875648285804,0.018574119167992405,0.04118405655769486,Utilities,Utilities - Regulated Electric,-3.55,156.69,10.32,0,-0.017318681213020912
VZ,Verizon Communications Inc.,175.87B,2.83,0.0672,0.6805,0.031400000000000004,Quarterly,21.0,43.0,0.0231,0.0217,SCHD,0.0,0.07298986156107594,0.05452535111482626,0.10210666226593215,0.07035296351577566,0.05452535111482626,0.10210666226593215,Communication Services,Telecom Services,1.66,192.04,17.2,0,-0.04481635681300986
ABT,Abbott Laboratories,163.61B,2.52,0.0268,0.6947,0.069,Quarterly,54.0,56.0,0.07429999999999999,0.07719999999999999,Aristocrat+King,0.0,0.019715406641290904,0.013871148902064926,0.030523256716565767,0.020296939058368515,0.013871148902064926,0.03294319882089272,Healthcare,Medical Devices,1.44,64.77,12.33,0,0.3203961406658629
CB,Chubb Limited,134.91B,3.88,0.011200000000000002,0.1388,0.0622,Quarterly,34.0,34.0,0.0547,0.045899999999999996,Aristocrat,0.0,0.015334974147425103,0.011296618900550993,0.02167160382425965,0.019617601351949267,0.011296618900550993,0.03499905251842738,Financial Services,Insurance - Property & Casualty,7.98,31.46,15.43,0,-0.4290841271026677
COP,ConocoPhillips,132.84B,3.36,0.0308,0.5611999999999999,0.057699999999999994,Quarterly,1.0,56.0,-0.1106,0.1405,SCHD,0.0,0.028466636954380748,0.010119590705976796,0.061878280893966964,0.03108475850962574,0.010119590705976796,0.09303930449831668,Energy,Oil & Gas E&P,1.29,36.14,11.28,0,-0.009160711656729192
SPGI,S&P Global Inc.,127.42B,3.88,0.009000000000000001,0.245,0.021099999999999997,Quarterly,53.0,56.0,0.0292,0.0537,Aristocrat+King,0.0,0.008551751776920118,0.006682317328364627,0.012245404831278863,0.00960562771240108,0.006682317328364627,0.014871994811624472,Financial Services,Financial Data & Stock Exchanges,4.61,38.39,13.94,0,-0.06304925930235662
PH,Parker-Hannifin Corporation,121.20B,8.00,0.0083,0.273,0.1061,Quarterly,70.0,70.0,0.106,0.1506,King,0.0,0.013387502720286165,0.007053893475952202,0.02365122274219486,0.016412843088179804,0.007053893475952202,0.039276059854917084,Industrials,Specialty Industrial Machinery,2.75,65.55,24.84,0,-0.4942984615518873
LMT,Lockheed Martin Corporation,120.64B,13.80,0.0264,0.662,0.046,Quarterly,23.0,43.0,0.049699999999999994,0.06,SCHD,0.0,0.028739189698176404,0.020526588290107357,0.038425616184003246,0.030273291909284284,0.020526588290107357,0.04383154190646833,Industrials,Aerospace & Defense,1.25,276.37,67.64,0,-0.12794419321462738
MO,"Altria Group, Inc.",119.88B,4.24,0.0591,0.8861,0.0392,Quarterly,57.0,57.0,0.0409,0.042699999999999995,King+SCHD,0.0,0.09493016211229714,0.057258606688191764,0.12454595744928189,0.09708342315022765,0.057258606688191764,0.17830598513779128,Consumer Defensive,Tobacco,1.21,0.0,0.0,0,-0.39124519838419586
LOW,"Lowe's Companies, Inc.",118.66B,4.80,0.0227,0.41,0.043,Quarterly,54.0,56.0,0.045,0.1328,Aristocrat+King,0.0,0.019713634280947016,0.013356436957059908,0.025229590564715063,0.02019219533210657,0.012487593697800937,0.037934582346955494,Consumer Cyclical,Home Improvement Retail,1.72,0.0,0.0,0,0.12419673178903431
BMY,Bristol-Myers Squibb Company,117.58B,2.52,0.0438,0.7028,0.0203,Quarterly,19.0,56.0,0.0371,0.055099999999999996,SCHD,0.0,0.045189727749456995,0.031434339917269266,0.0667404566791312,0.042013853056672615,0.028161568672905493,0.0667404566791312,Healthcare,Drug Manufacturers - General,1.91,230.97,38.73,0,0.04251328581832389
MDT,Medtronic plc,107.36B,2.84,0.0339,0.7641,0.014199999999999999,Quarterly,50.0,50.0,0.0144,0.037599999999999995,Aristocrat,0.0,0.033126727187654824,0.02180478825253175,0.04349978247626899,0.029773634641302588,0.020738611094913706,0.04349978247626899,Healthcare,Medical Devices,1.25,58.21,9.84,0,0.13859125392011207
GD,General Dynamics Corporation,101.27B,6.36,0.017,0.3889,0.0582,Quarterly,35.0,48.0,0.062,0.061799999999999994,Aristocrat,0.0,0.022170387422875137,0.01647993519608816,0.028717787450266524,0.024006557579414254,0.01647993519608816,0.04438801176024616,Industrials,Aerospace & Defense,3.08,37.7,17.97,0,-0.2918601534700007
ADP,"Automatic Data Processing, Inc.",96.70B,6.80,0.0281,0.6197,0.10300000000000001,Quarterly,51.0,53.0,0.115,0.1241,Aristocrat+King,0.0,0.0227779081472169,0.016809642576359456,0.036292131409261935,0.024160484131862198,0.016809642576359456,0.03828994681003037,Technology,Software - Application,1.75,69.26,71.21,0,0.1630561642157855
UPS,"United Parcel Service, Inc.",95.60B,6.56,0.0583,1.0615,0.0031,Quarterly,16.0,28.0,0.0146,0.1007,SCHD,0.0,0.050140797056868386,0.021809408391177867,0.0833274769828369,0.04596873880448751,0.021809408391177867,0.0833274769828369,Industrials,Integrated Freight & Logistics,0.94,181.51,33.35,0,0.2682531980692212
VLO,Valero Energy Corporation,83.35B,4.80,0.0171,0.3389,0.0591,Quarterly,3.0,38.0,0.052199999999999996,0.0352,SCHD,0.0,0.03657903454791431,0.01696832549896369,0.07572307111865685,0.04894448690243832,0.01696832549896369,0.15338019001089748,Energy,Oil & Gas Refining & Marketing,3.36,42.66,15.85,0,-0.6506245936526897
SHW,The Sherwin-Williams Company,81.90B,3.20,0.0096,0.30519999999999997,0.0565,Quarterly,49.0,49.0,0.0968,0.09789999999999999,Aristocrat,0.0,0.009220835661859923,0.006511296697293747,0.012344552516799421,0.009562858901131609,0.006511296697293747,0.01526369900615869,Basic Materials,Specialty Chemicals,2.71,329.52,60.72,0,0.0038838907122215383
EMR,Emerson Electric Co.,77.79B,2.22,0.016,0.5058,0.0403,Quarterly,69.0,69.0,0.018500000000000003,0.017,Aristocrat+King,0.0,0.021252209058965337,0.01383844197453151,0.030327388674394745,0.02838133286298214,0.01383844197453151,0.06012406735609285,Industrials,Specialty Industrial Machinery,2.63,69.18,12.33,0,-0.436249168520593
ITW,Illinois Tool Works Inc.,77.34B,6.44,0.024,0.5978,0.0733,Quarterly,56.0,56.0,0.0712,0.07150000000000001,Aristocrat+King,0.0,0.024607370381484563,0.02137040995803689,0.03167594460704784,0.02594861763106408,0.02137040995803689,0.04225833934328402,Industrials,Specialty Industrial Machinery,1.2,283.22,96.85,0,-0.0750952385506392
ECL,Ecolab Inc.,77.20B,2.92,0.0106,0.38420000000000004,0.127,Quarterly,40.0,56.0,0.1059,0.08259999999999999,Aristocrat,0.0,0.011200657127039635,0.00859430524770596,0.016185672942685803,0.0113526013951802,0.00859430524770596,0.016185672942685803,Basic Materials,Specialty Chemicals,1.93,92.37,22.43,0,-0.06629329868832708
CL,Colgate-Palmolive Company,73.81B,2.12,0.023,0.8146,0.0294,Quarterly,63.0,63.0,0.0339,0.0336,Aristocrat+King,0.0,0.024971037791301998,0.019160388142872596,0.030041626516129787,0.026464031337012195,0.019160388142872596,0.03470165141003605,Consumer Defensive,Household & Personal Products,1.96,1640.54,363.58,0,-0.13089582962242996
CTAS,Cintas Corporation,71.87B,1.80,0.01,0.37979999999999997,0.15380000000000002,Quarterly,45.0,45.0,0.1611,0.07519999999999999,Aristocrat,0.0,0.009355166078691734,0.006917351594095348,0.012480103038214833,0.02442932228939054,0.006917351594095348,0.0690485826321227,Industrials,Specialty Business Services,2.09,60.94,41.3,0,-0.5906558568616976
EOG,"EOG Resources, Inc.",71.43B,4.08,0.0304,0.4022,0.0639,Quarterly,1.0,37.0,-0.1734,0.0964,SCHD,0.0,0.03808805735310707,0.021285973093459788,0.11704537057439271,0.02840024160901115,0.007563776607330056,0.11704537057439271,Energy,Oil & Gas E&P,1.32,26.87,18.2,0,0.07041342881936412
SLB,SLB N.V.,71.40B,1.18,0.024700000000000003,0.5117,0.035699999999999996,Quarterly,4.0,56.0,0.1092,0.1833,SCHD,0.0,0.022922231847404575,0.011438460199225318,0.03696422365913631,0.03453723834242799,0.011438460199225318,0.19050003315568548,Energy,Oil & Gas Equipment & Services,1.72,42.52,14.07,0,-0.28482990576415673
APD,"Air Products and Chemicals, Inc.",66.70B,7.24,0.0242,0.7615000000000001,0.011200000000000002,Quarterly,51.0,56.0,0.0223,0.048600000000000004,Aristocrat,0.0,0.026528481170633774,0.021527411732991244,0.0346844365128635,0.027301610328256364,0.019745195977583292,0.03560414529574719,Basic Materials,Specialty Chemicals,-2.18,101.61,12.35,0,-0.11360539876456624
GWW,"W.W. Grainger, Inc.",64.95B,9.96,0.0072,0.2495,0.1023,Quarterly,55.0,56.0,0.0971,0.0834,Aristocrat+King,0.0,0.010535213338638758,0.006802864935568926,0.01728979304684294,0.01627693287457268,0.006802864935568926,0.03697982512781703,Industrials,Industrial Distribution,2.63,64.03,46.13,0,-0.5576562208935802
AFL,Aflac Incorporated,62.05B,2.44,0.02,0.2703,0.10189999999999999,Quarterly,42.0,54.0,0.1322,0.14300000000000002,Aristocrat,0.0,0.024048667543119337,0.018000770723917408,0.03299069492292386,0.026154480405805643,0.018000770723917408,0.05143521853565833,Financial Services,Insurance - Life,3.96,48.28,16.47,0,-0.23531266193456865
TGT,Target Corporation,61.38B,4.56,0.0337,0.6051,0.0178,Quarterly,55.0,56.0,0.0181,0.09269999999999999,Aristocrat+King+SCHD,0.0,0.033301207154305804,0.01198574737749043,0.055567619872492265,0.03524308524070145,0.01198574737749043,0.06228417563003089,Consumer Defensive,Discount Stores,1.49,117.55,22.02,0,-0.04378405665005108
O,Realty Income Corporation,59.21B,3.25,0.0513,2.656,0.015,Monthly,22.0,33.0,0.0239,0.0286,Aristocrat,0.0,0.05832617762467553,0.04860831179101188,0.07746049771895884,0.06044843912668302,0.04632660601358952,0.09040106985421753,Real Estate,REIT - Retail,0.59,73.47,2.83,0,-0.15134285117785176
OKE,"ONEOK, Inc.",56.66B,4.28,0.047599999999999996,0.7498999999999999,0.039599999999999996,Quarterly,3.0,56.0,0.035699999999999996,0.0235,SCHD,0.0,0.06301530397384926,0.03653268898744272,0.09829540900753495,0.08249224563936745,0.03653268898744272,0.3679181588979326,Energy,Oil & Gas Midstream,0.17,149.64,15.9,0,-0.4229760672525075
F,Ford Motor Company,55.79B,0.60,0.0429,,-0.2,Quarterly,,15.0,-0.217,0.431,SCHD,0.0,0.06975304588065748,0.021314216364981077,0.3499953844261882,0.08273581181409738,0.021314216364981077,0.3499953844261882,Consumer Cyclical,Auto Manufacturers,-0.96,425.54,-14.81,0,-0.4814820927074017
CAH,"Cardinal Health, Inc.",55.23B,2.04,0.0087,0.31329999999999997,0.0101,Quarterly,1.0,44.0,0.01,0.01,Aristocrat,0.0,0.023599222972670197,0.008609824483237638,0.047289383102547856,0.031993065420858315,0.008609824483237638,0.055403951902434835,Healthcare,Medical Distribution,10.1,0.0,0.0,0,-0.7280660703951202
FAST,Fastenal Company,53.37B,0.96,0.0207,0.8142,0.1152,Quarterly,27.0,34.0,0.11710000000000001,0.047400000000000005,Aristocrat+SCHD,0.0,0.0237833023618159,0.017745746583535584,0.031007058510653013,0.0280480814976427,0.017745746583535584,0.041548475731188285,Industrials,Industrial Distribution,0.86,11.17,33.84,0,-0.2619816081987736
NUE,Nucor Corporation,51.78B,2.24,0.009899999999999999,0.221,0.0183,Quarterly,53.0,54.0,0.0318,0.0663,Aristocrat+King,0.0,0.014960965812697843,0.008430640766105297,0.02296326546773165,0.023850572116884433,0.008430640766105297,0.06410822978622051,Basic Materials,Steel,-0.75,31.59,12.29,0,-0.5849156174752079
FITB,Fifth Third Bancorp,51.72B,1.60,0.027999999999999997,0.5636,0.08109999999999999,Quarterly,15.0,52.0,0.0662,0.0818,SCHD,0.0,0.04047917590105461,0.027624310265566693,0.0675169907054161,0.04059133261379576,0.02542384359711008,0.1061079607352263,Financial Services,Banks - Regional,0.0,0.0,7.97,0,-0.3101975668942771
BDX,"Becton, Dickinson and Company",41.87B,4.20,0.0276,1.0514000000000001,0.029500000000000002,Quarterly,54.0,56.0,0.0519,0.050199999999999995,Aristocrat+King,0.0,0.017842220872736413,0.013314416683703893,0.0298486234070095,0.01657291643053612,0.012301698145767776,0.0298486234070095,Healthcare,Medical Instruments & Supplies,3.92,71.6,6.67,0,0.665367717002792
ED,"Consolidated Edison, Inc.",40.95B,3.55,0.032,0.5828,0.0342,Quarterly,53.0,56.0,0.0279,0.024399999999999998,Aristocrat+King,0.0,0.03809608628996072,0.03033193935692135,0.051045422932973136,0.042921968335751966,0.03033193935692135,0.058679596025802146,Utilities,Utilities - Regulated Electric,-0.65,106.18,8.73,0,-0.25446103147731186
SYY,Sysco Corporation,40.09B,2.20,0.0262,0.6021,0.0483,Quarterly,57.0,57.0,0.032799999999999996,0.0358,Aristocrat+King,0.0,0.02811112380954314,0.023501952190433297,0.034404634934713366,0.028898636721717032,0.021802676024995114,0.06872951200230429,Consumer Defensive,Food Distribution,1.78,670.44,81.89,0,-0.09338283835683614
ADM,Archer-Daniels-Midland Company,38.75B,2.08,0.0263,0.9228000000000001,0.019799999999999998,Quarterly,53.0,56.0,0.0661,0.0713,Aristocrat+King+SCHD,0.0,0.030108850741493904,0.018299185618737706,0.05087042444548469,0.03407842283394722,0.018299185618737706,0.05875231583314312,Consumer Defensive,Farm Products,1.57,46.13,4.77,0,-0.22825066969351482
PAYX,"Paychex, Inc.",38.24B,4.76,0.0443,0.9059,0.102,Quarterly,12.0,39.0,0.1076,0.11939999999999999,SCHD,0.0,0.032085362582687224,0.021362931633386918,0.05358549928945199,0.0353964234591479,0.021362931633386918,0.059540178029694205,Technology,Software - Application,0.0,123.38,0.0,0,0.25153887513883977
KVUE,Kenvue Inc.,37.40B,0.83,0.0426,0.9881,0.012199999999999999,Quarterly,2.0,4.0,,,Aristocrat+King,0.0,0.0,0.0,0.0,0.0,0.0,0.0,Consumer Defensive,Household & Personal Products,1.17,82.97,15.7,0,0.0
KMB,Kimberly-Clark Corporation,37.31B,5.12,0.045599999999999995,0.7981999999999999,0.0242,Quarterly,54.0,56.0,0.0277,0.0282,Aristocrat+King+SCHD,0.0,0.04208988948850931,0.03573597127406794,0.055779955115950464,0.04223868320516576,0.03369426964297255,0.055779955115950464,Consumer Defensive,Household & Personal Products,0.62,371.26,111.73,0,0.07957910947430175
ROP,"Roper Technologies, Inc.",35.92B,3.64,0.0102,0.2225,0.1023,Quarterly,34.0,35.0,0.1005,0.1007,Aristocrat,0.0,0.0063037360278739955,0.004658284050936043,0.011594559723119914,0.006183697677567283,0.004658284050936043,0.011594559723119914,Technology,Software - Application,5.91,55.61,9.01,0,0.6494984929490868
HSY,The Hershey Company,35.23B,5.81,0.0334,1.0507,0.029900000000000003,Quarterly,,56.0,0.1085,0.1191,SCHD,0.0,0.025883120270464854,0.01642034149663039,0.03966181733206052,0.026972966831865227,0.01642034149663039,0.03966181733206052,Consumer Defensive,Confectioners,1.77,120.01,23.23,0,0.2382768350325492
ATO,Atmos Energy Corporation,29.41B,4.00,0.0227,0.4722,0.1332,Quarterly,44.0,44.0,0.10099999999999999,0.09570000000000001,Aristocrat,0.0,0.026303338048088758,0.01975185092452475,0.033967482987001085,0.026530216430617946,0.01975185092452475,0.033967482987001085,Utilities,Utilities - Regulated Gas,-3.31,64.59,9.6,0,-0.1443718501367963
FTS,Fortis Inc.,29.09B,1.84,0.032,0.7558,0.0542,Quarterly,10.0,15.0,0.031,0.0325,King,0.0,0.04194235807290057,0.03183997431055663,0.053612271467918256,0.04524974386060593,0.03183997431055663,0.062244626274460174,Utilities,Utilities - Regulated Electric,-2.83,133.7,7.46,0,-0.2928136765021791
DOV,Dover Corporation,29.00B,2.08,0.0097,0.2588,0.0097,Quarterly,71.0,71.0,0.0098,0.009899999999999999,Aristocrat+King,0.0,0.012853553918312638,0.008957553192398148,0.018124775935041852,0.017780112488595415,0.008957553192398148,0.0325627570255363,Industrials,Specialty Industrial Machinery,3.0,43.93,15.0,0,-0.4544466461490719
HAL,Halliburton Company,28.73B,0.68,0.019799999999999998,0.3753,,Quarterly,,56.0,0.0669,0.3045,SCHD,0.0,0.019476423577745077,0.005872974463856489,0.03642860616959752,0.022334735018150715,0.005872974463856489,0.17405155326040597,Energy,Oil & Gas Equipment & Services,3.57,74.65,14.63,0,-0.11348847506320625
ES,Eversource Energy,28.14B,3.15,0.0421,0.6581999999999999,0.049400000000000006,Quarterly,26.0,28.0,0.0547,0.0565,Aristocrat,0.0,0.04400125507198545,0.03177834883204548,0.058784623992263085,0.04158232805504439,0.02836431429011168,0.058784623992263085,Utilities,Utilities - Regulated Electric,0.5,181.82,10.91,0,0.012449325691200974
CINF,Cincinnati Financial Corporation,27.73B,3.76,0.021,0.2073,0.0774,Quarterly,65.0,65.0,0.07919999999999999,0.0803,Aristocrat+King+SCHD,0.0,0.026073541557823102,0.01958027404000261,0.0338844813846378,0.02919727618047832,0.01958027404000261,0.058020844121344874,Financial Services,Insurance - Property & Casualty,4.73,5.63,18.73,0,-0.28075482554633385
RF,Regions Financial Corporation,26.47B,1.06,0.0342,0.4397,0.06,Quarterly,13.0,56.0,0.0983,0.11320000000000001,SCHD,0.0,0.045159407676992155,0.032332439250363304,0.077348875342991,0.0439302745589761,0.023222854245732307,0.10870134077340782,Financial Services,Banks - Regional,0.0,0.0,11.89,0,-0.22149359767631932
PPG,"PPG Industries, Inc.",26.03B,2.84,0.024300000000000002,0.405,0.0441,Quarterly,55.0,56.0,0.0462,0.056299999999999996,Aristocrat+King,0.0,0.0217593950367193,0.01390593092034043,0.03065598309412697,0.020495226859338547,0.013140962539680655,0.03188667915125993,Basic Materials,Specialty Chemicals,1.15,93.74,20.75,0,0.18564191393313756
TROW,"T. Rowe Price Group, Inc.",25.40B,5.20,0.043899999999999995,0.5513,0.0239,Quarterly,40.0,41.0,0.0202,0.0535,Aristocrat+SCHD,0.0,0.04941911741885893,0.024175133476822094,0.07564192508176094,0.04326776928168572,0.024175133476822094,0.07653348558958603,Financial Services,Asset Management,1.69,3.87,18.69,0,0.014612047924131896
WST,"West Pharmaceutical Services, Inc.",24.99B,0.88,0.0025,0.11630000000000001,0.0482,Quarterly,33.0,54.0,0.0507,0.0536,Aristocrat,0.0,0.0025975364664131955,0.0014697650967068238,0.004430905223954118,0.0037262454700797624,0.0014697650967068238,0.007623464554088309,Healthcare,Medical Instruments & Supplies,4.43,10.73,19.13,0,-0.32908338431432266
DRI,"Darden Restaurants, Inc.",23.39B,6.48,0.0317,0.5896,0.0737,Quarterly,5.0,32.0,0.07400000000000001,0.1822,SCHD,0.0,0.03495264971258603,0.02556198510585541,0.04754414232264697,0.035697338876786985,0.011773641760189139,0.1228624088822865,Consumer Cyclical,Restaurants,1.53,362.38,53.72,0,-0.11197862368912737
BRO,"Brown & Brown, Inc.",22.93B,0.66,0.0098,0.2065,0.1121,Quarterly,33.0,41.0,0.12960000000000002,0.12210000000000001,Aristocrat,0.0,0.006949874025716126,0.004871650489406264,0.012136814767129151,0.008938761547259607,0.004871650489406264,0.016162116955705897,Financial Services,Insurance Brokers,6.91,64.37,11.93,0,0.09634874453099443
CHD,"Church & Dwight Co., Inc.",22.83B,1.23,0.0128,0.3971,0.040999999999999995,Quarterly,30.0,52.0,0.0404,0.041100000000000005,Aristocrat,0.0,0.012220708122450788,0.010247566060539387,0.015567531439555636,0.013738160003350824,0.010247566060539387,0.02126642878686698,Consumer Defensive,Household & Personal Products,3.87,56.79,16.78,0,-0.06828862111971329
CHRW,"C.H. Robinson Worldwide, Inc.",22.81B,2.52,0.013000000000000001,0.508,0.0121,Quarterly,28.0,30.0,0.0179,0.042300000000000004,Aristocrat,0.0,0.024606112036435805,0.012649082361519385,0.037687092273464305,0.02612961391950428,0.012649082361519385,0.0391250455524061,Industrials,Integrated Freight & Logistics,2.16,96.5,34.84,0,-0.5024802111486142
EXPD,"Expeditors International of Washington, Inc.",22.50B,1.54,0.009000000000000001,0.2553,0.0533,Semi-Annual,31.0,34.0,0.0513,0.0751,Aristocrat,0.0,0.012010033166099573,0.009019935827288245,0.016185146153951065,0.013220965790703958,0.008851046588563463,0.019621502545239956,Industrials,Integrated Freight & Logistics,3.7,24.71,36.64,0,-0.3192630445857321
SNA,Snap-on Incorporated,20.82B,9.76,0.024300000000000002,0.48829999999999996,0.1425,Quarterly,16.0,56.0,0.1463,0.14679999999999999,SCHD,0.0,0.027552348941769247,0.02152995803231411,0.03289668511382819,0.027373844212996667,0.018400621378885776,0.05330501600757338,Industrials,Tools & Accessories,2.07,21.73,18.2,0,-0.11229128759113972
PKG,Packaging Corporation of America,20.26B,5.00,0.0219,0.6378,0.05,Quarterly,,24.0,0.016399999999999998,0.0673,SCHD,0.0,0.03122226897166547,0.020553955701859753,0.04982083095484022,0.03338292514934984,0.020553955701859753,0.050743340670022175,Consumer Cyclical,Packaging & Containers,0.73,95.19,16.31,0,-0.34397600264138267
AMCR,Amcor plc,19.96B,2.60,0.0602,1.7128999999999999,0.0197,Quarterly,6.0,8.0,0.020099999999999996,0.020499999999999997,Aristocrat+SCHD,0.0,0.054667395679189226,0.042426939038977755,0.07204446206630982,0.07234178633952487,0.02210303960639118,0.14990049940399408,Consumer Cyclical,Packaging & Containers,0.12,143.74,8.74,0,-0.16783918332537848
ESS,"Essex Property Trust, Inc.",19.51B,10.36,0.0353,1.1608,0.0279,Quarterly,1.0,33.0,0.045899999999999996,0.0436,Aristocrat,0.0,0.03920663470990659,0.027734432692434245,0.0513203960818949,0.03884021622388907,0.027734432692434245,0.05471310092633624,Real Estate,REIT - Residential,1.48,121.86,10.56,0,-0.09114821100588072
GIS,"General Mills, Inc.",19.33B,2.44,0.0674,,0.0124,Quarterly,6.0,56.0,0.0336,0.0365,SCHD,0.0,0.04145070512135869,0.027102496097827854,0.0758470667976415,0.044570257033714575,0.027102496097827854,0.0758470667976415,Consumer Defensive,Packaged Foods,1.77,217.63,-1.03,0,0.5122192351059626
LYB,LyondellBasell Industries N.V.,18.19B,2.76,0.049,,-0.23559999999999998,Quarterly,2.0,16.0,-0.051,-0.0076,SCHD,0.0,0.08617136589137399,0.03385375492961489,0.3933243026777091,0.0790452805254613,0.03385375492961489,0.3933243026777091,Basic Materials,Specialty Chemicals,0.74,141.24,-6.01,0,-0.3801021430467743
EWBC,"East West Bancorp, Inc.",18.02B,3.20,0.024300000000000002,0.2797,0.21739999999999998,Quarterly,8.0,28.0,0.1674,0.1827,SCHD,0.0,0.027160827606106597,0.016429383059075115,0.05035197005511424,0.025491654707536292,0.013329250314838607,0.056696734296386206,Financial Services,Banks - Regional,0.0,0.0,16.45,0,-0.046746855832155626
CF,"CF Industries Holdings, Inc.",17.96B,2.00,0.0171,0.1895,0.05,Quarterly,,22.0,0.0949,0.1184,SCHD,0.0,0.022088673743516325,0.011945931063815243,0.030590765963322913,0.031147169071733823,0.011945931063815243,0.07361531967572292,Basic Materials,Agricultural Inputs,2.92,43.85,27.3,0,-0.4509934446813557
BBY,"Best Buy Co., Inc.",17.45B,3.84,0.0464,0.7071999999999999,0.0106,Quarterly,21.0,24.0,0.02,0.0885,SCHD,0.0,0.05130759737760747,0.025361633199131487,0.07241684888153584,0.042787705179756184,0.022893071155562682,0.07241684888153584,Consumer Cyclical,Specialty Retail,1.41,134.09,39.1,0,0.08442366341144347
BEN,"Franklin Resources, Inc.",17.41B,1.32,0.0394,0.9994,0.0315,Quarterly,46.0,46.0,0.0325,0.0337,Aristocrat,0.0,0.055285175540907915,0.03773580016770252,0.08204254303669398,0.06378903178573048,0.027266406113889127,0.5871294360280107,Financial Services,Asset Management,-0.35,23.47,6.7,0,-0.38233895550655267
GPC,Genuine Parts Company,17.29B,4.25,0.0338,9.7461,0.0308,Quarterly,70.0,70.0,0.0429,0.0545,Aristocrat+King,0.0,0.030448378355469367,0.02125177944420833,0.04648346433575765,0.03420465370110851,0.02125177944420833,0.07539600157968666,Consumer Cyclical,Auto Parts,1.29,149.45,1.34,0,-0.011830369769111336
NDSN,Nordson Corporation,15.97B,3.28,0.011399999999999999,0.35009999999999997,0.0513,Quarterly,63.0,63.0,0.0805,0.1602,Aristocrat+King,0.0,0.011827324741666678,0.00717953536464793,0.01893933165582548,0.01102188085422217,0.00717953536464793,0.01893933165582548,Industrials,Specialty Industrial Machinery,3.14,61.64,17.14,0,0.03430622692976961
OVV,Ovintiv Inc.,15.60B,1.20,0.0216,0.4078,,Quarterly,,54.0,0.0455,0.2619,SCHD,0.0,0.025636276228618794,0.012882578442099382,0.03976943616387208,0.0227130496138754,0.005208722241286094,0.2071943400728492,Energy,Oil & Gas E&P,2.6,67.57,7.13,0,-0.04900485107888981
ALB,Albemarle Corporation,14.87B,1.62,0.0129,,,Quarterly,31.0,33.0,0.0063,0.0089,Aristocrat,0.0,0.012286718834747528,0.005111061202791598,0.032558038335649804,0.014471926235511672,0.005111061202791598,0.032627592769006945,Basic Materials,Specialty Chemicals,3.75,19.84,-1.82,0,-0.10861900550974546
WSO,"Watsco, Inc.",14.79B,13.20,0.0344,1.0341,0.10529999999999999,Quarterly,12.0,43.0,0.0968,0.1108,SCHD,0.0,0.03001040957853753,0.019802203132076576,0.043402938068287614,0.03574806748947883,0.019802203132076576,0.058298950472557,Industrials,Industrial Distribution,1.12,15.12,18.59,0,-0.037710219996523804
MKC,"McCormick & Company, Incorporated",14.10B,1.92,0.0366,0.3145,0.0678,Quarterly,39.0,56.0,0.0706,0.0728,Aristocrat,0.0,0.023445142815004413,0.01571410657494609,0.04248681099103636,0.021384537227910446,0.013437195857360223,0.04248681099103636,Consumer Defensive,Packaged Foods,1.46,65.14,24.73,0,0.7115170466364265
DINO,HF Sinclair Corporation,14.07B,2.00,0.0256,0.30219999999999997,,Quarterly,,39.0,0.0557,0.0739,SCHD,0.0,0.04331298306821531,0.02543881875006611,0.08116725613484384,0.046058681892808075,0.020976993088196647,0.09824032141309118,Energy,Oil & Gas Refining & Marketing,3.83,34.67,13.04,0,-0.444187307409738
UNM,Unum Group,13.98B,1.84,0.021,0.39909999999999995,0.09519999999999999,Quarterly,17.0,40.0,0.11710000000000001,0.1005,SCHD,0.0,0.03303030863052783,0.019842552932059394,0.06130320525000365,0.03805920929745925,0.019842552932059394,0.1382321366973021,Financial Services,Insurance - Life,-6.18,36.93,7.07,0,-0.4482281585024438
CNA,CNA Financial Corporation,13.88B,3.92,0.0764,0.868,0.021099999999999997,Quarterly,2.0,16.0,0.1096,0.1151,SCHD,0.0,0.09259496125623369,0.037065637611560565,0.30369556376432594,0.10553283042186454,0.036259798167382465,0.5720716745547965,Financial Services,Insurance - Property & Casualty,3.38,27.37,11.5,0,-0.27605466758928826
SWK,"Stanley Black & Decker, Inc.",13.71B,3.32,0.037599999999999995,1.3611000000000002,0.012199999999999999,Quarterly,59.0,59.0,0.0123,0.0347,Aristocrat+King,0.0,0.03887286728077813,0.01599913230152313,0.062192395554806844,0.03071372655580045,0.015232920297474807,0.062192395554806844,Industrials,Tools & Accessories,1.63,77.61,4.17,0,0.224208333420193
HRL,Hormel Foods Corporation,13.61B,1.17,0.0473,1.3766,0.013000000000000001,Quarterly,60.0,60.0,0.024700000000000003,0.0383,Aristocrat+King,0.0,0.035657540769363325,0.02188508949229807,0.059371834528324945,0.029876158490111576,0.019020819521384257,0.059371834528324945,Consumer Defensive,Packaged Foods,0.73,4.24,5.83,0,0.5832022050510737
RPM,RPM International Inc.,13.41B,2.16,0.0206,0.41600000000000004,0.0588,Quarterly,53.0,54.0,0.0874,0.0728,King,0.0,0.01886942750483589,0.014227361961438506,0.02328749022818022,0.021857431282612957,0.014227361961438506,0.03450068615251459,Basic Materials,Specialty Chemicals,1.38,92.06,22.9,0,-0.05752877665973551
FNF,"Fidelity National Financial, Inc.",13.33B,2.08,0.042,1.4697,1.0853,Quarterly,14.0,22.0,0.32130000000000003,0.2397,SCHD,0.0,0.04346583023047737,0.03153278839311208,0.06356887359675394,0.04216881531429395,0.024634565184893115,0.07915394739937555,Financial Services,Insurance - Specialty,3.77,54.79,10.47,0,-0.004003321246654147
ERIE,Erie Indemnity Company,13.17B,5.85,0.0232,0.5268,0.0712,Quarterly,36.0,36.0,0.0712,-0.010700000000000001,Aristocrat,0.0,0.019367054454875254,0.0096856799880932,0.029857964748332255,0.023494040450471772,0.0096856799880932,0.037567756984577136,Financial Services,Insurance Brokers,1.66,2.11,25.85,0,-0.012515533506960863
PNR,Pentair plc,12.31B,1.08,0.014199999999999999,0.26,0.0816,Quarterly,49.0,51.0,0.0681,0.060599999999999994,Aristocrat,0.0,0.013226575755908488,0.008557049425437845,0.022467307760982352,0.017185044010225154,0.008557049425437845,0.03623140664198858,Industrials,Specialty Industrial Machinery,3.35,54.63,17.61,0,-0.17370010856236648
BF.B,Brown-Forman Corporation,12.01B,0.92,0.0353,0.601,0.024700000000000003,Quarterly,53.0,56.0,0.0453,0.052199999999999996,Aristocrat,0.0,0.0,0.0,0.0,0.0,0.0,0.0,,,0.0,0.0,0.0,0,0.0
SJM,The J. M. Smucker Company,11.93B,4.40,0.0394,,0.018500000000000003,Quarterly,30.0,56.0,0.0255,0.040999999999999995,Aristocrat,0.0,0.03760965681098472,0.02851619055764899,0.04969104906492735,0.0369316666561562,0.023457227031483452,0.04969104906492735,Consumer Defensive,Packaged Foods,2.14,128.61,-2.39,0,0.06683514629395547
APA,APA Corporation,11.82B,1.00,0.029900000000000003,0.2332,,Quarterly,,56.0,,0.5849,SCHD,0.0,0.03083372348743426,0.004208855866627513,0.07546122103310546,0.03079633302245767,0.004208855866627513,0.2907854791674654,Energy,Oil & Gas E&P,4.78,61.31,26.22,0,-0.0291051867053143
AFG,"American Financial Group, Inc.",11.75B,3.52,0.024900000000000002,0.6664,-0.237,Quarterly,,41.0,-0.0625,-0.17170000000000002,SCHD,0.0,0.059368479961542486,0.020237519618797377,0.708947643285759,0.06071554365173315,0.020237519618797377,0.7103090653525038,Financial Services,Insurance - Property & Casualty,1.03,43.52,19.38,0,-0.5898908499802386
CLX,The Clorox Company,11.68B,4.96,0.051399999999999994,0.8039000000000001,0.016399999999999998,Quarterly,49.0,56.0,0.0167,0.022400000000000003,Aristocrat,0.0,0.03772266324203,0.028041357604119188,0.05759405297042741,0.034511822072102946,0.022274142088550317,0.05759405297042741,Consumer Defensive,Household & Personal Products,0.1,4876.09,546.1,0,0.48934472056021416
FRT,Federal Realty Investment Trust,10.51B,4.52,0.0374,0.7836,0.0273,Quarterly,59.0,59.0,0.0152,0.0129,Aristocrat+King,0.0,0.04644238917209224,0.03625047351761528,0.05780624169055306,0.04702503217999538,0.03243762153065621,0.08324673240987579,Real Estate,REIT - Retail,1.15,138.43,14.78,0,-0.20467890682464865
COLB,"Columbia Banking System, Inc.",9.28B,1.48,0.0462,0.5811999999999999,0.0208,Quarterly,3.0,30.0,0.012199999999999999,0.0084,SCHD,0.0,0.05965155714705786,0.035720915745968945,0.09407392551674948,0.05422278280442102,0.02738596537464424,0.12688453285584161,Financial Services,Banks - Regional,0.0,0.0,10.15,0,-0.14795962858193418
SWKS,"Skyworks Solutions, Inc.",9.08B,2.84,0.047,1.1806,0.0143,Quarterly,12.0,13.0,0.0462,0.0726,SCHD,0.0,0.030815520417271047,0.011746073253621606,0.059908451470407346,0.024399906302702137,0.011605242546487995,0.059908451470407346,Technology,Semiconductors,1.61,20.63,6.17,0,0.9262369050488954
ALV,"Autoliv, Inc.",9.00B,3.48,0.028900000000000002,0.37189999999999995,0.2446,Quarterly,5.0,30.0,0.0971,0.4104,SCHD,0.0,0.03044085692295636,0.022148600879443658,0.04252758969427082,0.03138607916812208,0.01891532920752035,0.07112957375130732,Consumer Cyclical,Auto Parts,1.66,85.17,28.37,0,-0.0792096124783601
FDS,FactSet Research Systems Inc.,8.79B,4.64,0.018799999999999997,0.29359999999999997,0.056900000000000006,Quarterly,26.0,28.0,0.0691,0.07339999999999999,Aristocrat,0.0,0.010659155938674704,0.007042202617274884,0.023383587186735152,0.011332968099695896,0.007042202617274884,0.023383587186735152,Financial Services,Financial Data & Stock Exchanges,3.76,77.28,27.03,0,0.6588769892067787
CBSH,"Commerce Bancshares, Inc.",8.51B,1.10,0.0189,0.26739999999999997,0.059500000000000004,Quarterly,58.0,58.0,0.059699999999999996,0.056799999999999996,King,0.0,0.018820456444748678,0.015006571674779633,0.026208500626477515,0.018677731756028385,0.01430578765926816,0.026208500626477515,Financial Services,Banks - Regional,0.0,0.0,14.94,0,0.01190017325845126
AOS,A. O. Smith Corporation,8.33B,1.44,0.023799999999999998,0.3785,0.059699999999999996,Quarterly,33.0,44.0,0.0637,0.0684,Aristocrat,0.0,0.01901282283798421,0.014186903129483824,0.025815705118560628,0.01810370885960566,0.009625618195748684,0.031020711949177743,Industrials,Specialty Industrial Machinery,3.12,34.98,28.27,0,0.3146477434303158
NFG,National Fuel Gas Company,7.52B,2.14,0.0271,0.2909,0.0385,Quarterly,56.0,56.0,0.04,0.0383,King,0.0,0.03380861343828111,0.022454907113176242,0.04667326929610059,0.03852255849789731,0.022454907113176242,0.06535486092748252,Energy,Oil & Gas Integrated,-0.13,63.44,20.83,0,-0.2965160919548164
MSM,"MSC Industrial Direct Co., Inc.",6.87B,3.48,0.028300000000000002,0.8406,0.0235,Quarterly,4.0,24.0,0.0327,-0.1175,SCHD,0.0,0.041303791972649856,0.028288084010414726,0.05139719184564493,0.05478189467505488,0.026703229315856062,0.6583622750966746,Industrials,Industrial Distribution,1.0,39.13,16.32,0,-0.48340596527621554
MSA,MSA Safety Incorporated,6.59B,2.12,0.0124,0.2874,0.034,Quarterly,56.0,56.0,0.0481,0.0425,King,0.0,0.012832838516142316,0.009916024076730433,0.017618352294460515,0.01522588940816239,0.009916024076730433,0.02944013307825307,Industrials,Security & Protection Services,2.88,48.57,22.83,0,-0.18559765754291307
UBSI,"United Bankshares, Inc.",6.34B,1.52,0.033,0.4227,0.0203,Quarterly,37.0,43.0,0.0159,0.0152,King,0.0,0.04494160370112228,0.03238176490135464,0.06192209332882339,0.048902499753436114,0.03238176490135464,0.08763418403587923,Financial Services,Banks - Regional,0.0,0.0,9.34,0,-0.32518787042821323
BKH,Black Hills Corporation,5.73B,2.81,0.0374,0.7104,0.04,Quarterly,55.0,56.0,0.0374,0.0434,King,0.0,0.04486157577924784,0.03530994115110925,0.058851858926160114,0.04273820613928387,0.03203591936234726,0.058851858926160114,Utilities,Utilities - Regulated Gas,-2.28,115.59,7.66,0,-0.12490477775053652
RLI,RLI Corp.,5.58B,2.64,0.0435,1.0857999999999999,0.7923,Quarterly,52.0,52.0,0.05,0.36460000000000004,King,0.0,0.04459954555689098,0.007163692135348996,0.2662751340021906,0.042725159520758386,0.007163692135348996,0.2662751340021906,Financial Services,Insurance - Property & Casualty,1.22,20.28,23.23,0,0.018135461351879743
OZK,Bank OZK,5.53B,1.84,0.036699999999999997,0.3023,0.0941,Quarterly,28.0,30.0,0.10460000000000001,0.1073,SCHD,0.0,0.037296699091646866,0.02683524969538796,0.050029100587703046,0.035810201857758274,0.01630020674967744,0.08424061635399692,Financial Services,Banks - Regional,0.0,0.0,11.79,0,0.0248476159329146
MTN,"Vail Resorts, Inc.",5.35B,8.88,0.0591,2.0373,,Quarterly,,16.0,0.038,0.5878,SCHD,0.0,0.046452208339096634,0.011663017571774662,0.07577557080243101,0.039683189238752206,0.011663017571774662,0.07577557080243101,Consumer Cyclical,Resorts & Casinos,0.43,355.58,16.85,0,0.48929562199316656
NXST,"Nexstar Media Group, Inc.",5.32B,7.44,0.042800000000000005,1.5621,0.0479,Quarterly,12.0,14.0,0.1825,0.2418,SCHD,0.0,0.03493262793664146,0.018046306522309954,0.05386795481607656,0.02973819479756035,0.016736637464579214,0.05877038714023062,Communication Services,Broadcasting,2.92,576.2,6.61,0,0.43922656675553196
MC,Moelis & Company,5.19B,2.60,0.0408,0.8742,0.04,Quarterly,1.0,13.0,0.027000000000000003,-0.1464,SCHD,0.0,0.06579529052366359,0.03139108561775783,0.3077405235834463,0.0957693732670168,0.03139108561775783,0.33476643835116937,Financial Services,Capital Markets,0.0,42.94,41.77,0,-0.5739765375069901
RDN,Radian Group Inc.,5.03B,1.02,0.027000000000000003,0.2516,0.02,Quarterly,6.0,34.0,0.06269999999999999,0.1465,SCHD,0.0,0.03474318970590852,0.026708563411328365,0.05049267722650368,0.022288893904953887,0.0005606691182466258,0.06279547591538359,Financial Services,Insurance - Specialty,2.03,28.68,12.68,0,0.21136562967797318
MUR,Murphy Oil Corporation,4.84B,1.40,0.0415,2.2904,0.08,Quarterly,4.0,56.0,0.0874,0.2198,SCHD,0.0,0.03420810958148272,0.015887394792463694,0.07025786925937838,0.04370525715664348,0.015887394792463694,0.26426828759630694,Energy,Oil & Gas E&P,1.15,43.95,2.23,0,-0.05045748040652507
IBOC,International Bancshares Corporation,4.69B,1.46,0.0194,0.2134,0.051500000000000004,Semi-Annual,16.0,31.0,0.051500000000000004,0.053899999999999997,SCHD,0.0,0.02608954309432797,0.01812683701618387,0.03424315592008789,0.02724304713466831,0.017155886550547606,0.07806696290729308,Financial Services,Banks - Regional,0.0,0.0,13.51,0,-0.28789169933518893
FHI,"Federated Hermes, Inc.",4.31B,1.52,0.0255,0.2718,0.1024,Quarterly,,29.0,0.087,-0.0761,SCHD,0.0,0.04062394088267595,0.023491894931517748,0.17583572318270269,0.05582305317543652,0.023491894931517748,0.29963516026761694,Financial Services,Asset Management,3.43,35.67,33.76,0,-0.5431994749577651
CATY,Cathay General Bancorp,4.12B,1.52,0.024700000000000003,0.2968,0.0588,Quarterly,,36.0,0.0192,0.0304,SCHD,0.0,0.034995364846891426,0.024020228023412887,0.05390239232076985,0.03714292392281901,0.024020228023412887,0.08183884177359398,Financial Services,Banks - Regional,0.0,0.0,11.36,0,-0.3350011956160137
CNS,"Cohen & Steers, Inc.",3.98B,2.68,0.0346,0.8543000000000001,0.0661,Quarterly,3.0,23.0,0.0482,-0.0076,SCHD,0.0,0.038280693954812574,0.021186901330727884,0.10124621884183106,0.06080479200167856,0.021186901330727884,0.45523395541086104,Financial Services,Asset Management,1.06,20.44,23.75,0,-0.43096590151899805
CVBF,CVB Financial Corp.,3.96B,0.80,0.0356,0.5225,,Quarterly,,38.0,,0.0213,SCHD,0.0,0.04450861465326713,0.03211090939098861,0.08490422600700824,0.04185492950483665,0.027480053999568238,0.08490422600700824,Financial Services,Banks - Regional,0.0,0.0,9.2,0,-0.14944307824276343
FG,"F&G Annuities & Life, Inc.",3.93B,1.00,0.0337,0.2516,0.1149,Quarterly,2.0,4.0,,,SCHD,0.0,0.0,0.0,0.0,0.0,0.0,0.0,Financial Services,Insurance - Life,8.72,47.53,11.72,0,0.0
IPAR,"Interparfums, Inc.",3.82B,3.20,0.0268,0.6072,0.0323,Quarterly,5.0,25.0,0.1246,0.4496,SCHD,0.0,0.024345680636469105,0.01048178363056191,0.04128458797788197,0.023142336330684247,0.01048178363056191,0.042749014371871126,Consumer Defensive,Household & Personal Products,1.34,16.43,19.76,0,0.1580507523981529
SIG,Signet Jewelers Limited,3.32B,1.40,0.0166,0.18780000000000002,0.0984,Quarterly,4.0,16.0,0.1593,0.4941,SCHD,0.0,0.013385638468777064,0.006917298589923311,0.025320100595276705,0.03395105184492786,0.006917298589923311,0.26863317001312964,Consumer Cyclical,Luxury Goods,8.21,64.5,15.93,0,-0.5110608037765414
AWR,American States Water Company,3.31B,2.02,0.0239,0.5882000000000001,0.0827,Quarterly,72.0,72.0,0.0823,0.0851,King,0.0,0.02242362437383983,0.01557498614761853,0.029241653815032076,0.021554461294958534,0.014670456149917922,0.02958626881180338,Utilities,Utilities - Regulated Water,-0.26,87.47,13.22,0,0.10881917543400055
MGEE,"MGE Energy, Inc.",3.28B,1.90,0.0232,0.48710000000000003,0.0556,Quarterly,51.0,56.0,0.0524,0.0512,King,0.0,0.022811450506217457,0.01728018647076221,0.029087404764770418,0.023451663003630156,0.01728018647076221,0.029909993662413245,Utilities,Utilities - Regulated Electric,-2.52,69.74,10.95,0,-0.010731136789369784
RHI,Robert Half Inc.,3.26B,2.36,0.0728,1.8207,0.0536,Quarterly,22.0,23.0,0.09050000000000001,0.1038,SCHD,0.0,0.04071438631122745,0.014652255253403168,0.11035523599751412,0.03354262320086364,0.014652255253403168,0.11035523599751412,Industrials,Staffing & Employment Services,0.58,20.47,10.17,0,1.1703728883710438
FUL,H.B. Fuller Company,3.01B,0.98,0.0175,0.2818,0.0526,Quarterly,57.0,57.0,0.0702,0.07719999999999999,King,0.0,0.012809445706368099,0.008729775093310958,0.01914920653867339,0.013373431431093829,0.008729775093310958,0.02743040260550318,Basic Materials,Specialty Chemicals,4.16,106.25,9.39,0,0.30856467841990914
CWT,California Water Service Group,2.98B,1.34,0.027000000000000003,0.6367,0.0583,Quarterly,59.0,59.0,0.0758,0.07490000000000001,King,0.0,0.022685981363376337,0.014158657286757855,0.03217301218423118,0.021691850426169747,0.014158657286757855,0.03217301218423118,Utilities,Utilities - Regulated Water,-3.7,101.17,7.16,0,0.24470708904696914
APAM,Artisan Partners Asset Management Inc.,2.96B,3.96,0.1085,0.9937999999999999,0.1155,Quarterly,2.0,14.0,0.1565,0.0159,SCHD,0.0,0.10996984490019801,0.059911261198051534,0.3064792435958226,0.15510844423311326,0.059911261198051534,0.4896051344002837,Financial Services,Asset Management,1.2,60.23,72.48,0,-0.30048940574160615
TR,"Tootsie Roll Industries, Inc.",2.86B,0.36,0.009399999999999999,0.2712,0.03,Quarterly,57.0,57.0,0.0271,-0.023399999999999997,King,0.0,0.010561764538677264,0.007784968354457384,0.013177739835218435,0.010970445384248498,0.007784968354457384,0.014156295164949581,Consumer Defensive,Confectioners,4.11,1.43,10.9,0,-0.1431523816255778
WHR,Whirlpool Corporation,2.64B,2.70,0.0663,0.9558,-0.3643,-,,56.0,-0.1402,-0.0191,SCHD,0.0,0.06138355520833762,0.02966281927298929,0.09947499686676207,0.05127186722203099,0.0255332286123951,0.099613662850003,Consumer Cyclical,"Furnishings, Fixtures & Appliances",-1.15,188.34,5.48,0,0.2931067970060504
ABM,ABM Industries Incorporated,2.61B,1.16,0.026000000000000002,0.4371,0.1127,Quarterly,59.0,59.0,0.099,0.085,King,0.0,0.021317190640264192,0.0159623309813096,0.031463433813675556,0.021800860832035647,0.015829721519908614,0.04141974517832222,Industrials,Specialty Business Services,4.18,112.7,8.87,0,0.19261345688670506
HTO,H2O America,2.57B,1.76,0.0286,0.5954,0.048799999999999996,Quarterly,33.0,55.0,0.051399999999999994,0.054400000000000004,King,0.0,0.027764010675866712,0.019019034383131853,0.03841566933778269,0.02486861472923111,0.012169476513202904,0.03841566933778269,Utilities,Utilities - Regulated Water,-3.55,102.18,6.5,0,0.1500439534487998
WU,The Western Union Company,2.45B,0.94,0.1199,0.6892,,Quarterly,,21.0,,0.0043,SCHD,0.0,0.09712856802649698,0.05975564278538027,0.13371265603783333,0.07933839384558401,0.044949052858998376,0.13371265603783333,Financial Services,Credit Services,0.99,288.12,47.66,0,0.5112481383648991
BANR,Banner Corporation,2.30B,2.08,0.0308,0.3367,0.0417,Quarterly,1.0,32.0,0.0282,0.0405,SCHD,0.0,0.035793815993077946,0.026382251579371338,0.05317441047589275,0.04172548449814227,0.021143701434402643,0.2559310026437977,Financial Services,Banks - Regional,0.0,0.0,10.79,0,-0.2618420044620141
NWBI,"Northwest Bancshares, Inc.",2.20B,0.80,0.053200000000000004,0.856,,Quarterly,,32.0,,0.0077,SCHD,0.0,0.07412566024767492,0.05211726254845877,0.09744332045296011,0.07316713706031093,0.05211726254845877,0.1233168507042088,Financial Services,Banks - Regional,0.0,0.0,7.53,0,-0.2728976130889503
BKE,"The Buckle, Inc.",2.16B,4.40,0.1033,1.0097,0.1282,Quarterly,,24.0,0.027999999999999997,0.061799999999999994,SCHD,0.0,0.15770993439322298,0.024518197801401992,1.087018781549077,0.22419773294861317,0.024518197801401992,1.087018781549077,Consumer Cyclical,Apparel Retail,2.25,89.54,48.98,0,-0.5392460100224266
NWN,Northwest Natural Holding Company,2.12B,1.97,0.0391,0.6611,0.0051,Quarterly,71.0,71.0,0.0051,0.0052,King,0.0,0.0492523545067565,0.03567156499661397,0.06161465862814285,0.04590118817917203,0.03242847832645484,0.06161465862814285,Utilities,Utilities - Regulated Gas,-3.44,170.12,8.1,0,-0.1481701988328509
GRC,The Gorman-Rupp Company,2.10B,0.76,0.0096,0.3383,0.027200000000000002,Quarterly,53.0,56.0,0.027999999999999997,0.0436,King,0.0,0.02084114107856499,0.008284281858481964,0.031759799348174064,0.02700254218796288,0.008284281858481964,0.3230274729433025,Industrials,Specialty Industrial Machinery,3.18,68.93,14.54,0,-0.6444779186650264
OFG,OFG Bancorp,2.09B,1.40,0.028399999999999998,0.2685,0.1818,Quarterly,5.0,35.0,0.1567,0.3408,SCHD,0.0,0.027383803847466515,0.014285082017895759,0.04163396834354856,0.024741822251517175,0.013624750755390757,0.04163396834354856,Financial Services,Banks - Regional,0.0,0.0,16.04,0,0.14785401460308778
FCF,First Commonwealth Financial Corporation,2.06B,0.54,0.026600000000000002,0.3588,0.0381,Quarterly,9.0,40.0,0.039599999999999996,0.0414,SCHD,0.0,0.03648145439706745,0.026974951533040636,0.04825266679625147,0.03785714408853615,0.02639158888627711,0.0768981814633213,Financial Services,Banks - Regional,0.0,0.0,10.48,0,-0.29735851342111735
SRCE,1st Source Corporation,1.96B,1.72,0.021099999999999997,0.2469,0.1027,Quarterly,39.0,52.0,0.0795,0.0696,SCHD,0.0,0.027346430006635593,0.0206457814236555,0.03431943274760374,0.027121584728695924,0.01792577755291889,0.05035847204791098,Financial Services,Banks - Regional,0.0,0.0,12.65,0,-0.22202186151478104
HUN,Huntsman Corporation,1.95B,0.35,0.0315,,-0.4875,Quarterly,,20.0,-0.1711,-0.0536,SCHD,0.0,0.04774165612902109,0.02207890139224377,0.13760814612676564,0.04120642099692121,0.01916848338179126,0.13760814612676564,Basic Materials,Chemicals,3.33,85.7,-8.89,0,-0.2355560313681802
CHCO,City Holding Company,1.87B,3.48,0.0262,0.3836,0.1013,Quarterly,14.0,25.0,0.10210000000000001,0.08539999999999999,SCHD,0.0,0.029811503808653373,0.0241592265828095,0.036729684333499935,0.03308028634131077,0.0241592265828095,0.05172764381773521,Financial Services,Banks - Regional,0.0,0.0,17.01,0,-0.20798750864253088
FLO,"Flowers Foods, Inc.",1.77B,0.99,0.11869999999999999,2.5176,-0.10339999999999999,Quarterly,12.0,25.0,-0.0085,0.0138,SCHD,0.0,0.05517954469224987,0.03535482029881984,0.14381688330021303,0.05201359364119011,0.03535482029881984,0.14381688330021303,Consumer Defensive,Packaged Foods,2.26,111.01,5.36,0,1.2820957309513836
GABC,"German American Bancorp, Inc.",1.76B,1.24,0.0264,0.3329,0.07139999999999999,Quarterly,13.0,34.0,0.07719999999999999,0.08449999999999999,SCHD,0.0,0.030292625673888286,0.021865317973659853,0.042173431770826754,0.02710847314959532,0.016725693658617268,0.042173431770826754,Financial Services,Banks - Regional,0.0,0.0,12.18,0,-0.026134749297228352
STBA,"S&T Bancorp, Inc.",1.75B,1.44,0.029500000000000002,0.4019,0.0593,Quarterly,13.0,38.0,0.045899999999999996,0.0501,SCHD,0.0,0.04184516707132143,0.029647436984897406,0.05668739636488346,0.040579805205037525,0.026027556306884227,0.0820842601321618,Financial Services,Banks - Regional,0.0,0.0,9.54,0,-0.27303741723388286
NSP,"Insperity, Inc.",1.74B,2.40,0.0527,,,Quarterly,3.0,22.0,0.0406,0.07780000000000001,SCHD,0.0,0.03815449531509484,0.016624871294965024,0.13420223985643923,0.030456815146579674,0.007597908273917312,0.13420223985643923,Industrials,Staffing & Employment Services,0.93,641.79,-26.88,0,0.7303188053764135
LKFN,Lakeland Financial Corporation,1.50B,2.08,0.0344,0.4777,0.0408,Quarterly,12.0,32.0,0.058499999999999996,0.0977,SCHD,0.0,0.030677272169908665,0.01830504742978773,0.04703594028055303,0.029045582997631405,0.01830504742978773,0.04703594028055303,Financial Services,Banks - Regional,0.0,0.0,15.21,0,0.1843453100185744
CRI,"Carter's, Inc.",1.48B,1.00,0.024900000000000002,0.402,-0.6225999999999999,Quarterly,,14.0,-0.3066,0.2011,SCHD,0.0,0.0441542081050112,0.017730814674842374,0.1061393856571773,0.034527398927896316,0.015444001623802479,0.1061393856571773,Consumer Cyclical,Apparel Retail,2.58,128.85,10.2,0,-0.27883359960016807
TNC,Tennant Company,1.46B,1.24,0.014499999999999999,0.7241,0.051500000000000004,Quarterly,54.0,56.0,0.054400000000000004,0.0613,King,0.0,0.014505521745943621,0.009414764621007994,0.020430295120584592,0.014269207316281894,0.009414764621007994,0.020430295120584592,Industrials,Specialty Industrial Machinery,2.49,73.64,5.33,0,0.016174176925354427
WEN,The Wendy's Company,1.44B,0.56,0.0742,0.7193,-0.37079999999999996,Quarterly,,24.0,-0.0928,0.12560000000000002,SCHD,0.0,0.053173624649421866,0.021064697583289927,0.09742191156831313,0.03906546146655271,0.010370495058572486,0.09742191156831313,Consumer Cyclical,Restaurants,1.23,3562.58,120.88,0,0.8993760015744082
FMC,FMC Corporation,1.37B,0.32,0.029300000000000003,,-0.6466,Quarterly,,21.0,-0.2878,-0.15289999999999998,SCHD,0.0,0.03941012914132639,0.01758121769038256,0.19383225114744213,0.028053078644961454,0.008356781163463289,0.19383225114744213,Basic Materials,Agricultural Inputs,0.57,251.72,-78.37,0,0.04444864575540999
UVV,Universal Corporation,1.29B,3.28,0.0635,2.5308,0.0123,Quarterly,56.0,56.0,0.0125,0.0126,King,0.0,0.07038452352047914,0.05263668566577667,0.08914957950780718,0.07291638970278298,0.04464128139786565,0.11567418665179537,Consumer Defensive,Tobacco,0.79,64.32,3.78,0,-0.129139549299759
SCL,Stepan Company,1.28B,1.58,0.0279,,0.026099999999999998,Quarterly,58.0,58.0,0.0316,0.057,King,0.0,0.020530384344588263,0.010450393811526617,0.037283280677970924,0.016323370562203766,0.009461655212168525,0.037283280677970924,Basic Materials,Specialty Chemicals,1.24,59.77,-1.19,0,0.709205822025602
PFBC,Preferred Bank,1.25B,3.20,0.030299999999999997,0.2933,0.0678,Quarterly,5.0,13.0,0.1484,0.18289999999999998,SCHD,0.0,0.03455514353925922,0.023655497665670877,0.05593046398142314,0.03012594558335771,0.014848397310631162,0.05593046398142314,Financial Services,Banks - Regional,0.0,0.0,17.4,0,0.005777558621709731
VRTS,"Virtus Investment Partners, Inc.",1.07B,9.60,0.0599,0.5637,0.0667,Quarterly,8.0,13.0,0.133,0.2396,SCHD,0.0,0.04206151423111055,0.011910109122307541,0.07784308980147553,0.03281072117017003,0.011910109122307541,0.07784308980147553,Financial Services,Asset Management,0.96,47.99,10.72,0,0.825622780106957
MSEX,Middlesex Water Company,1.02B,1.44,0.0262,0.5918,0.0558,Quarterly,53.0,56.0,0.049800000000000004,0.0575,King,0.0,0.020260873595380438,0.010437231080951303,0.030037875249282926,0.020861117709993462,0.010437231080951303,0.03032868148642242,Utilities,Utilities - Regulated Water,-1.15,85.19,9.22,0,0.25592503547635714
CPF,Central Pacific Financial Corp.,999.42M,1.16,0.030299999999999997,0.3779,0.066,Quarterly,1.0,14.0,0.0281,0.0397,SCHD,0.0,0.04960649144788147,0.029820050244170032,0.08879327446454234,0.0472756533112947,0.027716607654472834,0.09625659220364345,Financial Services,Banks - Regional,0.0,0.0,13.98,0,-0.35907813265986155
KFRC,Kforce Inc.,914.01M,1.60,0.029300000000000003,0.8011,0.026000000000000002,Quarterly,8.0,15.0,0.061799999999999994,0.1294,SCHD,0.0,0.02951423252530764,0.014752092339099621,0.06588212929257421,0.02748476555706217,0.013611468025969603,0.06588212929257421,Industrials,Staffing & Employment Services,2.05,91.49,27.1,0,0.06604511285239663
THFF,First Financial Corporation,894.51M,2.24,0.0298,0.3223,0.1061,Quarterly,36.0,44.0,0.196,0.1562,SCHD,0.0,0.05395433143675071,0.02865182900046247,0.10596316091163309,0.059407446207925776,0.02865182900046247,0.17443917890046126,Financial Services,Banks - Regional,0.0,0.0,13.14,0,-0.49837937999051257
AMSF,"AMERISAFE, Inc.",644.11M,2.64,0.0766,1.0688,-0.42479999999999996,Quarterly,,14.0,-0.2113,-0.10859999999999999,SCHD,0.0,0.0972202263915779,0.02799824803232798,0.4567655929375696,0.09688126480667622,0.022086869819967037,0.5145398342430356,Financial Services,Insurance - Specialty,0.73,0.0,18.27,0,-0.2093414536561522
ETD,Ethan Allen Interiors Inc.,552.95M,1.81,0.0833,1.1455,-0.0765,Quarterly,,31.0,-0.0018,0.011399999999999999,SCHD,0.0,0.09220646971962414,0.0486848724523256,0.24330704678442633,0.08988586805163838,0.03221927436742096,0.4277172968268146,Consumer Cyclical,"Furnishings, Fixtures & Appliances",0.86,25.54,8.48,0,-0.07326922679163402
OXM,"Oxford Industries, Inc.",548.71M,2.80,0.0762,,0.022099999999999998,Quarterly,5.0,56.0,0.050199999999999995,0.166,SCHD,0.0,0.03879163594227296,0.017205222412862594,0.08977679619216584,0.030898863350248988,0.012713280281796562,0.08977679619216584,Consumer Cyclical,Apparel Manufacturing,0.32,113.19,-7.0,0,1.4661101327983306
FMCB,FMCB (Premium Stock),,,0.0,0.0,0.0,,0.0,0.0,0.0,0.0,King,0.0,0.03337266941004416,0.014603673341590146,0.039072154485728004,0.0,0.0,0.0,Financial Services,Banks - Regional,0.0,0.0,15.05,0,0.0
CDUAF,CDUAF (Premium Stock),,,0.0,0.0,0.0,,0.0,0.0,0.0,0.0,King,0.0,0.05552415229886385,0.035977714232100604,0.0733314307616787,0.05747508983719726,0.006512288349148459,0.09372434124520583,Utilities,Utilities - Diversified,-2.04,180.15,1.69,0,-1.0
CTRA,CTRA (Premium Stock),,,0.0,0.0,0.0,,0.0,0.0,0.0,0.0,SCHD,0.0,0.0,0.0,0.0,0.0,0.0,0.0,,,0.0,0.0,0.0,0,0.0
JHG,JHG (Premium Stock),,,0.0,0.0,0.0,,0.0,0.0,0.0,0.0,SCHD,0.0,0.051746703491298375,0.030069536318915294,0.09248282843085373,0.0,0.0,0.0,Financial Services,Asset Management,3.01,6.91,16.21,0,0.0
CWENA,CWENA (Premium Stock),,,0.0,0.0,0.0,,0.0,0.0,0.0,0.0,SCHD,0.0,0.0,0.0,0.0,0.0,0.0,0.0,,,0.0,0.0,0.0,0,0.0
LANC,LANC (Premium Stock),,,0.0,0.0,0.0,,0.0,0.0,0.0,0.0,King,0.0,0.0,0.0,0.0,0.0,0.0,0.0,,,0.0,0.0,0.0,0,0.0
CMA,CMA (Premium Stock),,,0.0,0.0,0.0,,0.0,0.0,0.0,0.0,SCHD,0.0,0.0,0.0,0.0,0.0,0.0,0.0,,,0.0,0.0,0.0,0,0.0
CMCSA,Comcast Corporation,84.20B,1.32,0.055999999999999994,0.2576,0.0313,Quarterly,6.0,19.0,0.056299999999999996,0.0658,Others,0.0,0.03441106220598055,0.019060517296470278,0.05994557553490712,0.028886387115425537,0.01847933756439866,0.05994557553490712,Communication Services,Telecom Services,0.85,106.86,20.92,0,0.938629423480086
ACN,Accenture plc,82.75B,6.52,0.0482,0.5215,0.1014,Quarterly,6.0,22.0,0.1332,0.13119999999999998,Others,0.0,0.018245010869558716,0.010116161754399588,0.05302473293719202,0.025536002474058097,0.010116161754399588,0.05302473293719202,Technology,Information Technology Services,3.03,25.04,24.41,0,0.8875311454471446
HON,Honeywell International Inc.,71.74B,9.52,0.0421,0.7317,0.051500000000000004,Quarterly,15.0,42.0,0.049100000000000005,0.0496,Others,0.0,0.021781048545682313,0.01758519045993147,0.025565662360642505,0.022838636821338812,0.01758519045993147,0.03947730839752082,Industrials,Conglomerates,0.97,257.39,24.26,0,0.8433674623112675
KMI,"Kinder Morgan, Inc.",71.46B,1.19,0.0371,0.7923,0.0173,Quarterly,8.0,16.0,0.0176,0.0213,Others,0.0,0.06339333022525032,0.03471780699071093,0.0905828934416749,0.06535422141076877,0.03471780699071093,0.14477794729829552,Energy,Oil & Gas Midstream,0.63,98.84,10.6,0,-0.43232435183005896
NKE,"NIKE, Inc.",65.71B,1.64,0.037000000000000005,0.7762,0.0382,Quarterly,24.0,43.0,0.07150000000000001,0.08779999999999999,Others,0.0,0.01751043511960045,0.006720186708312355,0.04024539877300613,0.01480256839245568,0.006720186708312355,0.04024539877300613,Consumer Cyclical,Footwear & Accessories,0.0,74.22,22.14,0,1.4995662252003195
PRU,"Prudential Financial, Inc.",40.07B,5.60,0.048499999999999995,0.5657,0.0377,Quarterly,17.0,25.0,0.0393,0.040999999999999995,Others,0.0,0.05526468524951013,0.043389429986239764,0.07627374098165664,0.057706917816578066,0.03588217183064815,0.1542934541497664,Financial Services,Insurance - Life,5.34,158.97,10.71,0,-0.1595461716711736
VICI,VICI Properties Inc.,28.42B,1.80,0.0692,0.6175999999999999,0.0405,Quarterly,7.0,9.0,0.0489,0.064,Others,0.0,0.06133545152360995,0.050556205181762674,0.07160677139319956,0.0,0.0,0.0,Real Estate,REIT - Diversified,0.65,61.85,11.33,0,0.0
HPQ,HP Inc.,22.15B,1.20,0.0496,0.44299999999999995,0.0366,Quarterly,9.0,56.0,0.0455,0.0913,Others,0.0,0.04101426322129863,0.024653484934164457,0.06781963548213614,0.04062539228950643,0.024653484934164457,0.06781963548213614,Technology,Computer Hardware,3.14,0.0,0.0,0,0.22091128736772142
MKC.V,"McCormick & Company, Incorporated",13.85B,1.89,0.037200000000000004,0.3145,0.0678,Quarterly,33.0,53.0,0.0706,0.0728,Others,0.0,0.0,0.0,0.0,0.0,0.0,0.0,,,0.0,0.0,0.0,0,0.0
WTRG,"Essential Utilities, Inc.",10.94B,1.37,0.0355,0.6947,0.0525,Quarterly,33.0,56.0,0.0608,0.0645,Others,0.0,0.03237321635585218,0.022839424596879727,0.041464047859376664,0.030346147908099728,0.020708298062288258,0.041464047859376664,Utilities,Utilities - Regulated Water,-1.67,122.67,8.34,0,0.16983546338428832
DDS,"Dillard's, Inc.",8.18B,31.20,0.0596,0.7417,0.2,Quarterly,12.0,56.0,0.2546,1.2039,Others,0.0,0.015224862603592052,0.0016755314525192797,0.3199475086118684,0.012826407705932075,0.0016755314525192797,0.3199475086118684,Consumer Cyclical,Department Stores,36.56,27.42,33.83,0,3.6466634592034404
BAH,Booz Allen Hamilton Holding Corporation,7.53B,2.36,0.037599999999999995,0.33039999999999997,0.0755,Quarterly,10.0,15.0,0.08199999999999999,0.10890000000000001,Others,0.0,0.019785922796153623,0.011415968966167965,0.039524368383614804,0.019506056780229982,0.011415968966167965,0.039524368383614804,Industrials,Consulting Services,2.77,373.03,80.74,0,0.9276064057246469
AUB,Atlantic Union Bankshares Corporation,6.02B,1.48,0.0352,0.6159,0.0821,Quarterly,15.0,33.0,0.06509999999999999,0.0708,Others,0.0,0.04051416994666911,0.03152039734422486,0.060129288248434075,0.038327460231645655,0.026254616446406656,0.06441768483463886,Financial Services,Banks - Regional,0.0,0.0,8.4,0,-0.08159842089049817
OTEX,Open Text Corporation,5.58B,1.10,0.0478,0.5389,0.047599999999999996,Quarterly,12.0,14.0,0.0421,0.07200000000000001,Others,0.0,0.03237020703754908,0.017012774366028015,0.05497251311433235,0.02601513882025675,0.01652905254213556,0.05497251311433235,Technology,Software - Application,3.13,161.83,12.76,0,0.8373916945152111
SON,Sonoco Products Company,5.53B,2.16,0.0387,0.209,0.0191,Quarterly,45.0,56.0,0.0246,0.038900000000000004,Others,0.0,0.04118768181942869,0.0317962534993054,0.055793142269354015,0.04003993066444404,0.03142619739569583,0.0569402667147896,Consumer Cyclical,Packaging & Containers,3.93,139.64,20.15,0,-0.03346485975895856
DOX,Amdocs Limited,5.51B,2.28,0.043899999999999995,0.4387,0.0895,Quarterly,13.0,15.0,0.0971,0.0978,Others,0.0,0.023438829064265945,0.017747745771264343,0.046149035521561514,0.021397699878232843,0.014980971382619345,0.046149035521561514,Technology,Software - Infrastructure,2.44,31.19,15.86,0,1.0516223823037159
HRB,"H&R Block, Inc.",5.02B,1.68,0.0435,0.2987,0.12,Quarterly,10.0,56.0,0.13140000000000002,0.0986,Others,0.0,0.03658833447488018,0.020575576466219367,0.06074252447120684,0.04750756454977195,0.020575576466219367,0.11069726385097536,Consumer Cyclical,Personal Services,3.08,0.0,0.0,0,-0.0843563459367271
SR,Spire Inc.,4.77B,3.30,0.0409,0.5722999999999999,0.0482,Quarterly,22.0,56.0,0.0464,0.048499999999999995,Others,0.0,0.04746744006841148,0.0350275588262018,0.059335557823219066,0.04546095030218035,0.0350275588262018,0.06161115669571129,Utilities,Utilities - Regulated Gas,-4.75,232.75,9.12,0,-0.10032676993911419
WSBC,"WesBanco, Inc.",3.75B,1.52,0.039,0.4842,0.027200000000000002,Quarterly,15.0,50.0,0.027999999999999997,0.0304,Others,0.0,0.05041289496389455,0.037858030939806456,0.07712173686640408,0.048338981738727485,0.03204147002540772,0.09215403647966446,Financial Services,Banks - Regional,0.0,0.0,8.17,0,-0.19319773406077817
AVA,Avista Corporation,3.46B,1.97,0.0471,0.7795000000000001,0.0181,Quarterly,23.0,56.0,0.0297,0.0349,Others,0.0,0.05363758768365557,0.04646759851617415,0.06800869352926509,0.0507075342405886,0.03953568768140524,0.06800869352926509,Utilities,Utilities - Diversified,-1.06,119.09,7.59,0,-0.07114394921023327
LCII,LCI Industries,2.93B,4.60,0.0455,0.5635,0.0222,Quarterly,9.0,12.0,0.0308,0.0787,Others,0.0,0.04149639527291575,0.026718258863029875,0.0646468458764491,0.03579560826583704,0.015724864460043144,0.0646468458764491,Consumer Cyclical,Recreational Vehicles,1.14,89.05,14.65,0,0.2711056524614147
AGM.A,Federal Agricultural Mortgage Corporation,2.11B,6.20,0.0425,0.35719999999999996,0.069,Quarterly,14.0,23.0,0.1478,0.1303,Others,0.0,0.0,0.0,0.0,0.0,0.0,0.0,,,0.0,0.0,0.0,0,0.0
PEBO,Peoples Bancorp Inc.,1.35B,1.68,0.043899999999999995,0.5289,0.0248,Quarterly,10.0,53.0,0.0255,0.0334,Others,0.0,0.05944520930196473,0.04290091947257816,0.07881304970028197,0.056961658200513715,0.0321739471013419,0.10071593844368443,Financial Services,Banks - Regional,0.0,0.0,9.47,0,-0.22930614404753974
FINV,FinVolution Group,1.12B,0.31,0.0674,0.2343,0.1128,Annual,5.0,8.0,0.1362,0.1378,Others,0.0,0.04862637641476507,0.024398694455756837,0.07485459170524097,0.0,0.0,0.0,Financial Services,Credit Services,38.58,8.3,13.78,0,0.0
UTL,Unitil Corporation,954.59M,1.90,0.0358,0.5728,0.0571,Quarterly,11.0,42.0,0.0518,0.0415,Others,0.0,0.03517512315628301,0.02892213446220427,0.04299856422851698,0.03684971656687595,0.028439517314527755,0.05507823185899538,Utilities,Utilities - Diversified,-2.44,146.92,9.55,0,-0.028486421733282308
DGICA,Donegal Group Inc.,699.13M,0.77,0.0408,0.4193,0.0571,Quarterly,24.0,26.0,0.0363,0.0394,Others,0.0,0.0494453256233277,0.0356907533340798,0.060738375962484256,0.05135091306933817,0.0356907533340798,0.06585155525978961,Financial Services,Insurance - Property & Casualty,1.95,5.39,10.64,0,-0.20546690289793815
BHB,Bar Harbor Bankshares,622.81M,1.36,0.0366,0.526,0.06559999999999999,Quarterly,22.0,32.0,0.0704,0.07629999999999999,Others,0.0,0.04312564351328366,0.03359650019368252,0.05593625276369799,0.04287482867200916,0.03158307374814853,0.0815548638725182,Financial Services,Banks - Regional,0.0,0.0,8.01,0,-0.14635227396501954
COFS,"ChoiceOne Financial Services, Inc.",493.88M,1.16,0.0352,0.31129999999999997,0.036000000000000004,Quarterly,5.0,33.0,0.0374,0.059800000000000006,Others,0.0,0.044621584994421586,0.030558806935594613,0.07102593792005035,0.044137419219081805,0.03002210122154755,0.1438980120424369,Financial Services,Banks - Regional,0.0,0.0,12.44,0,-0.2024907522281664
SGU,"Star Group, L.P.",422.24M,0.79,0.061399999999999996,0.30469999999999997,0.0712,Quarterly,13.0,18.0,0.0667,0.06860000000000001,Others,0.0,0.06696361065821194,0.05155116902059788,0.09406338816749223,0.07095446377969242,0.05155116902059788,0.11068704385148216,Energy,Oil & Gas Refining & Marketing,-0.71,85.4,24.88,0,-0.13465627489425075
SHOE,Shoe Station Group Inc.,417.04M,0.68,0.0443,0.473,0.12279999999999999,Quarterly,12.0,15.0,0.1898,0.2271,Others,0.0,0.020240580989156157,0.006976677562846142,0.04637545605112651,0.01644149823220182,0.006478706601595734,0.04637545605112651,Consumer Cyclical,Apparel Retail,2.77,53.64,5.62,0,1.6944016521094996
FNLC,"The First Bancorp, Inc.",377.17M,1.48,0.0443,0.45990000000000003,0.0276,Quarterly,7.0,28.0,0.028399999999999998,0.0358,Others,0.0,0.05930420860753696,0.04210966224300065,0.07267465628948387,0.06086337049591016,0.04210966224300065,0.09195652150082453,Financial Services,Banks - Regional,0.0,0.0,13.29,0,-0.27214021111471587
ARTNA,Artesian Resources Corporation,350.82M,1.25,0.0369,0.5576,0.0405,Quarterly,32.0,34.0,0.0405,0.041299999999999996,Others,0.0,0.03189255713861981,0.020081629323861462,0.042961685835228317,0.03256421966546909,0.020081629323861462,0.04505816959780173,Utilities,Utilities - Regulated Water,-2.53,73.74,9.43,0,0.13314553147817482
NWFL,Norwood Financial Corp.,336.68M,1.28,0.0412,0.47509999999999997,0.0325,Quarterly,27.0,29.0,0.0336,0.042800000000000005,Others,0.0,0.04782037720147128,0.037734706505654816,0.0607634817819971,0.046250543479230743,0.029645659359604042,0.06533073209284784,Financial Services,Banks - Regional,0.0,0.0,10.19,0,-0.10919965689697762
RGCO,"RGC Resources, Inc.",251.02M,0.87,0.0361,0.6391,0.045599999999999995,Quarterly,12.0,33.0,0.0298,0.0333,Others,0.0,0.04166652019102428,0.03416710545377368,0.056613005011901404,0.037754947892491876,0.024773629762731668,0.056613005011901404,Utilities,Utilities - Regulated Gas,0.25,118.56,11.54,0,-0.04383393395759358
UBCP,"United Bancorp, Inc.",91.63M,0.96,0.0603,0.6962,0.0444,Quarterly,6.0,34.0,0.0574,0.0693,Others,0.0,0.07127376415029925,0.043646928806758224,0.13919223247937484,0.0705251769700921,0.043646928806758224,0.13919223247937484,Financial Services,Banks - Regional,0.0,0.0,12.15,0,-0.1449861937167252
