Symbol,Company Name,Market Cap,Div. ($),Div. Yield,Payout Ratio,Div. Growth,Payout Freq.,Div. Gr. Years,Div. Years,Div. Growth 3Y,Div. Growth 5Y,Category,fiveYearAvgDivdendYield,Trainling_5Y_avg_dividend_yield,Trainling_5Y_min_dividend_yield,Trainling_5Y_max_dividend_yield,Trainling_10Y_avg_dividend_yield,Trainling_10Y_min_dividend_yield,Trainling_10Y_max_dividend_yield,Sector,Industry,FCF_Dividend_Ratio,Debt_to_Equity,ROE,Five_y_DividendYield_diff,Ten_y_DividendYield_diff
WMT,Walmart Inc.,1.03T,0.94,0.0073,0.3287,0.1325,Quarterly,53.0,53.0,0.0782,0.0538,Aristocrat+King,0.0132,0.013883550665419242,0.0071657268827820635,0.019801968333771725,0.019658898262599256,0.0071657268827820635,0.03744545181284625,Consumer Defensive,Discount Stores,1.38,66.75,23.66,-0.44696969696969696,-0.6286668814046341
XOM,Exxon Mobil Corporation,631.91B,4.12,0.0273,0.603,0.0412,Quarterly,45.0,56.0,0.041100000000000005,0.030299999999999997,Aristocrat,0.0394,0.043978176230597084,0.02724687399687922,0.0897905850219614,0.05530216053116643,0.02724687399687922,0.1441284423527226,Energy,Oil & Gas Integrated,0.75,16.33,11.08,-0.3071065989847715,-0.5063484005364557
JNJ,Johnson & Johnson,574.95B,5.20,0.0218,0.4714,0.0484,Quarterly,64.0,64.0,0.0478,0.0518,Aristocrat+King,0.0278,0.03035159288833139,0.021667568986109793,0.03598359487956025,0.031650104952230244,0.021667568986109793,0.0402242371748668,Healthcare,Drug Manufacturers - General,0.0,57.77,35.56,-0.21582733812949637,-0.3112187137166555
ABBV,AbbVie Inc.,394.59B,6.92,0.031,2.8177999999999996,0.0572,Quarterly,54.0,54.0,0.0521,0.06559999999999999,Aristocrat+King+SCHD,0.037,0.04205388308933783,0.02725448948376967,0.06109523415968578,0.050637751283484314,0.02725448948376967,0.09334660318222886,Healthcare,Drug Manufacturers - General,0.0,0.0,1106.67,-0.16216216216216212,-0.387808518066821
HD,"The Home Depot, Inc.",379.29B,9.20,0.0242,0.6275,0.0222,Quarterly,16.0,39.0,0.057,0.0839,SCHD,0.0233,0.02543499509081246,0.017545986975153877,0.031965714107014126,0.02630626224326804,0.017545986975153877,0.04529028428172037,Consumer Cyclical,Home Improvement Retail,1.06,544.59,162.91,0.03862660944206,-0.0800669522636972
PG,The Procter & Gamble Company,365.64B,4.23,0.0269,0.6265999999999999,0.049699999999999994,Quarterly,70.0,70.0,0.05,0.059699999999999996,Aristocrat+King,0.0245,0.02668637774310608,0.023170699654536015,0.03228394633664591,0.03142405930505767,0.023170699654536015,0.049485366244725514,Consumer Defensive,Household & Personal Products,1.35,68.72,31.56,0.09795918367346935,-0.1439680106614847
CVX,Chevron Corporation,361.55B,7.12,0.039,1.0422,0.047,Quarterly,39.0,56.0,0.061900000000000004,0.0601,Aristocrat+SCHD,0.0412,0.04668581553093844,0.03430923043047593,0.0717373840420769,0.05335096920396966,0.03430923043047593,0.1229335153893301,Energy,Oil & Gas Integrated,0.0,21.24,7.16,-0.053398058252427195,-0.26899172438842694
CAT,Caterpillar Inc.,347.30B,6.04,0.008100000000000001,0.31579999999999997,0.0741,Quarterly,33.0,56.0,0.08039999999999999,0.0759,Aristocrat,0.0179,0.019262221561384667,0.00813884552328526,0.03138196015742616,0.027024480162904988,0.00813884552328526,0.06420937285752651,Industrials,Farm & Heavy Construction Machinery,1.95,203.25,43.53,-0.5474860335195529,-0.7002717554168378
CSCO,"Cisco Systems, Inc.",342.88B,1.64,0.0189,0.6333,0.025,Quarterly,15.0,16.0,0.023399999999999997,0.024900000000000002,SCHD,0.0286,0.03125705966833737,0.018898363944103387,0.042479728894857634,0.03551241176437018,0.018898363944103387,0.05339308423523882,Technology,Communication Equipment,1.91,63.23,22.42,-0.33916083916083917,-0.4677917082792308
KO,The Coca-Cola Company,335.40B,2.04,0.0262,0.6756,0.051500000000000004,Quarterly,64.0,64.0,0.04650000000000001,0.0433,Aristocrat+King+SCHD,0.0292,0.03206523644273563,0.025812982810451586,0.03908561819686701,0.03667377846234478,0.025812982810451586,0.05203135343059083,Consumer Defensive,Beverages - Non-Alcoholic,0.16,144.77,42.44,-0.10273972602739723,-0.28559311043171753
MRK,"Merck & Co., Inc.",292.01B,3.40,0.028900000000000002,0.456,0.0506,Quarterly,15.0,56.0,0.053399999999999996,0.0567,SCHD,0.0305,0.03367152655272877,0.02439022056106567,0.04536560978548739,0.03581034156830499,0.02439022056106567,0.05158096472251106,Healthcare,Drug Manufacturers - General,0.0,79.71,37.17,-0.05245901639344253,-0.19297055726553558
IBM,International Business Machines Corporation,277.00B,6.72,0.0227,0.602,0.006,Quarterly,30.0,56.0,0.006,0.0060999999999999995,Aristocrat,0.0406,0.04511422319469437,0.021334687172551037,0.067321731237934,0.052326638523389514,0.021334687172551037,0.08759593651626534,Technology,Information Technology Services,2.03,197.33,35.16,-0.44088669950738907,-0.5661865420639755
MCD,McDonald's Corporation,231.88B,7.44,0.0229,0.6195,0.0552,Quarterly,51.0,51.0,0.07769999999999999,0.07400000000000001,Aristocrat,0.0221,0.023987565565831145,0.021371942231747678,0.028138258206575905,0.027361016037136875,0.021371942231747678,0.041640062904858215,Consumer Cyclical,Restaurants,0.83,0.0,0.0,0.03619909502262437,-0.1630427770329134
PEP,"PepsiCo, Inc.",227.51B,5.69,0.0342,0.9483,0.049800000000000004,Quarterly,54.0,56.0,0.0735,0.0683,Aristocrat+King+SCHD,0.0299,0.032986647689868774,0.025722281313902418,0.04533587355231946,0.034900346255431376,0.025722281313902418,0.0465848286271453,Consumer Defensive,Beverages - Non-Alcoholic,1.06,258.08,42.85,0.1438127090301004,-0.0200670288571244
LIN,Linde plc,213.09B,6.00,0.0132,0.4107,0.0791,Quarterly,34.0,34.0,0.0783,0.0873,Aristocrat,0.0132,0.014124203727431185,0.011096596754953541,0.018483470467009003,0.01902169608747785,0.011096596754953541,0.03473867589038113,Basic Materials,Specialty Chemicals,1.76,67.91,17.82,0.0,-0.3060555725790574
AMGN,Amgen Inc.,202.37B,10.08,0.0268,0.6788,0.0581,Quarterly,16.0,16.0,0.06709999999999999,0.0805,SCHD,0.0307,0.033973556176033586,0.02477102367446816,0.04297576250350584,0.034141269818347635,0.02477102367446816,0.04297576250350584,Healthcare,Drug Manufacturers - General,1.46,630.68,106.1,-0.12703583061889254,-0.21502626754680373
TXN,Texas Instruments Incorporated,198.54B,5.68,0.026000000000000002,1.0202,0.0451,Quarterly,22.0,56.0,0.051699999999999996,0.0768,SCHD,0.027,0.029844572006742575,0.023117188542199543,0.039557551667028054,0.03102146840371368,0.023117188542199543,0.04565497624700675,Technology,Semiconductors,-0.06,90.82,30.15,-0.037037037037036945,-0.16187075151840788
VZ,Verizon Communications Inc.,198.28B,2.83,0.0602,0.6809999999999999,0.025,Quarterly,21.0,43.0,0.021,0.0206,SCHD,0.0604,0.0720036130096066,0.05671071645809907,0.10059367610001764,0.06993045796292266,0.055851311446934164,0.10059367610001764,Communication Services,Telecom Services,1.25,171.78,17.07,-0.00331125827814579,-0.13914477677354525
ABT,Abbott Laboratories,193.13B,2.52,0.0227,0.6452,0.07139999999999999,Quarterly,54.0,56.0,0.07719999999999999,0.0942,Aristocrat+King,0.0174,0.018829346040298692,0.013784667390071283,0.023762375553823524,0.02040737894216308,0.013784667390071283,0.03450774618133601,Healthcare,Medical Devices,0.0,25.31,13.16,0.30459770114942547,0.11234274937190511
NEE,"NextEra Energy, Inc.",186.35B,2.27,0.0253,0.6867,0.1,Quarterly,30.0,55.0,0.0915,0.09570000000000001,Aristocrat,0.0247,0.02704025556570736,0.01838336391597733,0.04060769919622612,0.028815556555206057,0.018314184198970018,0.04060769919622612,Utilities,Utilities - Regulated Electric,-3.03,143.83,8.37,0.024291497975708495,-0.12200203554877749
LOW,"Lowe's Companies, Inc.",155.32B,4.80,0.0173,0.3937,0.044000000000000004,Quarterly,54.0,56.0,0.0634,0.1561,Aristocrat+King,0.0174,0.019098936062834873,0.01242793367855898,0.0251090608786938,0.019999474267917122,0.01242793367855898,0.03775336140455434,Consumer Cyclical,Home Improvement Retail,1.77,0.0,0.0,-0.005747126436781574,-0.13497726148969735
LMT,Lockheed Martin Corporation,146.86B,13.80,0.0216,0.6212,0.0471,Quarterly,23.0,42.0,0.048,0.059500000000000004,SCHD,0.0266,0.029066245557598295,0.021237502526885287,0.03797556164265628,0.030476262374639258,0.021237502526885287,0.04331816978665578,Industrials,Aerospace & Defense,1.7,338.8,76.87,-0.18796992481202998,-0.29125167205626945
SPGI,S&P Global Inc.,134.50B,3.88,0.0087,0.2802,0.0434,Quarterly,53.0,56.0,0.037200000000000004,0.0673,Aristocrat+King,0.0081,0.008470390212751406,0.006651335325946303,0.01218862773130738,0.009833708398588579,0.006651335325946303,0.018083178315785115,Financial Services,Financial Data & Stock Exchanges,4.13,31.78,11.99,0.07407407407407406,-0.11528798217682551
COP,ConocoPhillips,133.18B,3.36,0.030899999999999997,0.5102,0.0385,Quarterly,1.0,56.0,-0.1191,0.1377,SCHD,0.0251,0.028804499822995943,0.009967370989172523,0.06094752225322173,0.03102119437468839,0.009967370989172523,0.12439932127132089,Energy,Oil & Gas E&P,1.79,36.35,12.36,0.23107569721115523,-0.003906824902502174
MDT,Medtronic plc,130.32B,2.84,0.0279,0.7669,0.0143,Quarterly,50.0,50.0,0.013300000000000001,0.0405,Aristocrat,0.029,0.03139269849040674,0.02023791242327351,0.04244954551625675,0.028703181210726215,0.02023791242327351,0.04244954551625675,Healthcare,Medical Devices,1.08,59.56,9.82,-0.03793103448275863,-0.027982306380244362
CB,Chubb Limited,127.57B,3.88,0.011899999999999999,0.15410000000000001,0.0641,Quarterly,34.0,34.0,0.0479,0.041299999999999996,Aristocrat,0.0151,0.015931096707423112,0.01171214686759555,0.021808465667778918,0.02010428613516016,0.01171214686759555,0.03478749527132258,Financial Services,Insurance - Property & Casualty,0.0,25.26,14.34,-0.2119205298013246,-0.4080864189856399
BMY,Bristol-Myers Squibb Company,123.71B,2.52,0.0415,0.7197,0.028900000000000002,Quarterly,19.0,56.0,0.039,0.057800000000000004,SCHD,0.0388,0.04376835035432244,0.030766229464586112,0.0653219413590402,0.040656950435955845,0.02756303004645732,0.0653219413590402,Healthcare,Drug Manufacturers - General,0.0,274.41,40.33,0.06958762886597941,0.02073568123049849
PH,Parker-Hannifin Corporation,123.55B,7.20,0.0074,0.2625,0.1043,Quarterly,70.0,70.0,0.1061,0.1539,King,0.0125,0.013775687258288935,0.0073554200618214235,0.02359788432843347,0.017153865084032275,0.0073554200618214235,0.03918747640886833,Industrials,Specialty Industrial Machinery,2.72,68.92,25.78,-0.40800000000000003,-0.5686103415323983
MO,"Altria Group, Inc.",108.11B,4.24,0.0658,1.0097,0.04,Quarterly,57.0,57.0,0.038,0.04,King+SCHD,0.0771,0.09559866198237314,0.062379017785541196,0.12092067424571355,0.09444080249861048,0.05810087929134936,0.1727834731209879,Consumer Defensive,Tobacco,0.0,0.0,0.0,-0.1465629053177692,-0.30326725039245483
UPS,"United Parcel Service, Inc.",100.04B,6.56,0.0556,1.0,0.0046,Quarterly,16.0,28.0,0.020099999999999996,0.1013,SCHD,0.0408,0.0458058356001727,0.021152878977681984,0.08081906355863659,0.04383586207146938,0.021152878977681984,0.08081906355863659,Industrials,Integrated Freight & Logistics,0.98,175.88,33.77,0.3627450980392155,0.26836789269367
GD,General Dynamics Corporation,97.22B,6.00,0.0167,0.3883,0.056299999999999996,Quarterly,35.0,48.0,0.059800000000000006,0.064,Aristocrat,0.021,0.022830954036525655,0.01633186324855619,0.03204412325565476,0.024144627002257852,0.01633186324855619,0.04398918576282825,Industrials,Aerospace & Defense,2.07,38.2,17.66,-0.20476190476190484,-0.30833472811825496
ADP,"Automatic Data Processing, Inc.",91.25B,6.80,0.03,0.6224000000000001,0.102,Quarterly,51.0,53.0,0.1226,0.1198,Aristocrat+King,0.0197,0.02163323071947046,0.01654635815629115,0.030006178388997187,0.023721530626726085,0.01654635815629115,0.03769021824998073,Technology,Software - Application,1.26,70.04,73.84,0.5228426395939086,0.2646738725282852
EMR,Emerson Electric Co.,89.93B,2.22,0.0139,0.5288,0.0285,Quarterly,69.0,69.0,0.0151,0.015,Aristocrat+King,0.0206,0.02178969783533741,0.013874133342996631,0.030089689027074314,0.029448635194614662,0.013874133342996631,0.05965279526334814,Industrials,Specialty Industrial Machinery,2.36,69.28,9.65,-0.32524271844660196,-0.5279917079980018
SHW,The Sherwin-Williams Company,88.88B,3.16,0.0088,0.308,0.10490000000000001,Quarterly,49.0,49.0,0.0953,0.10830000000000001,Aristocrat,0.0086,0.009081387027510534,0.0064801300527698915,0.01228546228419692,0.009632008893358737,0.0064801300527698915,0.015190636482824206,Basic Materials,Specialty Chemicals,0.0,281.46,59.39,0.023255813953488434,-0.08637958109988933
ITW,Illinois Tool Works Inc.,84.30B,6.44,0.0222,0.5929,0.0724,Quarterly,56.0,56.0,0.0649,0.0674,Aristocrat+King,0.0223,0.02422204147583605,0.021108283631153028,0.03128740705350194,0.025766648175896936,0.021108283631153028,0.041740001031245325,Industrials,Specialty Industrial Machinery,0.0,278.02,93.72,-0.004484304932735399,-0.1384211152164257
ECL,Ecolab Inc.,81.62B,2.92,0.0101,0.3857,0.1356,Quarterly,40.0,55.0,0.0882,0.0712,Aristocrat,0.0105,0.011029790624610888,0.008548036285013617,0.01609853315539387,0.011419356304427076,0.008548036285013617,0.01609853315539387,Basic Materials,Specialty Chemicals,1.69,103.92,21.87,-0.038095238095238196,-0.1155368366880352
CTAS,Cintas Corporation,77.88B,1.80,0.0092,0.37670000000000003,0.1542,Quarterly,45.0,45.0,0.16519999999999999,0.1032,Aristocrat,0.0092,0.009381031266029492,0.006882764228397599,0.0443241740280528,0.026032831053624753,0.006882764228397599,0.06870333134493292,Industrials,Specialty Business Services,2.15,72.66,43.4,0.0,-0.646600095815587
CL,Colgate-Palmolive Company,75.90B,2.08,0.022099999999999998,0.7909,0.04,Quarterly,63.0,63.0,0.034300000000000004,0.034,Aristocrat+King,0.0231,0.02493967342048055,0.019042045857695457,0.029856077595761428,0.026478904321589915,0.019042045857695457,0.03448731856550608,Consumer Defensive,Household & Personal Products,1.92,2188.49,497.47,-0.04329004329004333,-0.16537332014978887
SLB,SLB N.V.,75.57B,1.18,0.023399999999999997,0.4894,0.036000000000000004,Quarterly,4.0,56.0,0.1406,0.1813,SCHD,0.0202,0.02235448243470944,0.011312092033645258,0.03655585607879436,0.03466934258880212,0.011312092033645258,0.1883954987429532,Energy,Oil & Gas Equipment & Services,1.39,45.98,13.9,0.15841584158415833,-0.3250520992700339
APD,"Air Products and Chemicals, Inc.",63.76B,7.24,0.0253,,0.0113,Quarterly,51.0,56.0,0.027999999999999997,0.054000000000000006,Aristocrat,0.024,0.026040385348417155,0.02112404569904355,0.03425552411320768,0.027194386821589932,0.01950102620044912,0.03516385746095932,Basic Materials,Specialty Chemicals,-3.81,101.99,-1.67,0.05416666666666663,-0.06966095003421653
EOG,"EOG Resources, Inc.",61.79B,4.08,0.0358,0.397,0.07690000000000001,Quarterly,1.0,37.0,-0.2339,0.2161,SCHD,0.0259,0.03752889718059683,0.021121971856677905,0.1161435600931518,0.027426523692512795,0.007505500287859747,0.1161435600931518,Energy,Oil & Gas E&P,1.32,26.84,18.48,0.3822393822393822,0.3053057836043979
VLO,Valero Energy Corporation,61.42B,4.80,0.023799999999999998,0.6063000000000001,0.0576,Quarterly,3.0,38.0,0.0504,0.0321,SCHD,0.0357,0.03983872145752053,0.02303654169173701,0.07874066366688216,0.05038998768666707,0.02303654169173701,0.15265491226985992,Energy,Oil & Gas Refining & Marketing,0.0,39.56,8.28,-0.3333333333333334,-0.5276839488830167
BDX,"Becton, Dickinson and Company",59.09B,4.20,0.0203,0.7182,0.050300000000000004,Quarterly,54.0,56.0,0.055,0.052300000000000006,Aristocrat+King,0.0157,0.016670232032699028,0.013137304452461224,0.025617579371060295,0.016090966913230823,0.0121380645307955,0.025617579371060295,Healthcare,Medical Instruments & Supplies,2.74,77.28,6.96,0.29299363057324845,0.2615773874538448
AFL,Aflac Incorporated,58.72B,2.44,0.0216,0.3446,0.1298,Quarterly,42.0,54.0,0.132,0.1497,Aristocrat,0.0218,0.02433927172461594,0.017813393450636913,0.032647284116410505,0.026315547365170406,0.017813393450636913,0.05089979735519843,Financial Services,Insurance - Life,0.0,28.52,13.12,-0.00917431192660545,-0.17919244846913596
O,Realty Income Corporation,58.21B,3.24,0.051399999999999994,3.0137,0.0282,Monthly,22.0,33.0,0.0281,0.0287,Aristocrat,0.0499,0.019139815553501752,0.01585804231038519,0.02527082110282962,0.019868946505064423,0.015113649660636233,0.029492561389827195,Real Estate,REIT - Retail,0.69,73.98,2.49,0.03006012024048085,1.5869514514470395
GWW,"W.W. Grainger, Inc.",56.59B,9.04,0.0076,0.2554,0.1024,Quarterly,55.0,56.0,0.0953,0.08439999999999999,Aristocrat+King,0.0105,0.011163409446971933,0.00678913461940787,0.0176956323659864,0.01694053497256781,0.00678913461940787,0.03690518270601893,Industrials,Industrial Distribution,2.23,69.11,46.1,-0.27619047619047626,-0.5513719010464044
F,Ford Motor Company,54.15B,0.60,0.044199999999999996,0.5129,-0.2,Quarterly,,15.0,-0.20629999999999998,0.431,SCHD,0.0576,0.06955621193211609,0.020823372119058957,0.34193529584043525,0.08522699276922703,0.020823372119058957,0.34193529584043525,Consumer Cyclical,Auto Manufacturers,1.69,346.67,10.29,-0.23263888888888892,-0.4813849630986942
FAST,Fastenal Company,53.41B,0.96,0.0206,0.8256999999999999,0.125,Quarterly,27.0,34.0,0.1204,0.0471,Aristocrat+SCHD,0.0216,0.023999583013588482,0.017651688343070633,0.03084271209843144,0.02843944223456584,0.017651688343070633,0.041328247601204106,Industrials,Industrial Distribution,0.78,11.21,33.29,-0.046296296296296335,-0.2756538672561459
CAH,"Cardinal Health, Inc.",53.12B,2.04,0.009000000000000001,0.2934,0.0101,Quarterly,1.0,44.0,0.0091,0.0095,Aristocrat,0.0241,0.0258555606377429,0.008997271176591172,0.047072543717235675,0.03250844685075756,0.008997271176591172,0.0551499392805649,Healthcare,Medical Distribution,11.34,0.0,0.0,-0.6265560165975104,-0.7231488775419528
TGT,Target Corporation,52.31B,4.56,0.0395,0.55,0.0179,Quarterly,55.0,56.0,0.031200000000000002,0.10949999999999999,Aristocrat+King+SCHD,0.0283,0.03090365645995285,0.01175402170793876,0.05449330764065442,0.03469252176377856,0.01175402170793876,0.06108000376297783,Consumer Defensive,Discount Stores,1.26,132.06,25.09,0.3957597173144877,0.13857390560869487
OKE,"ONEOK, Inc.",52.31B,4.28,0.051500000000000004,0.7666,0.04,Quarterly,3.0,56.0,0.034300000000000004,0.0215,SCHD,0.0565,0.06625892931788174,0.036100083266402135,0.11684385504008894,0.08537506579620126,0.036100083266402135,0.3635613954352475,Energy,Oil & Gas Midstream,0.55,152.22,17.85,-0.0884955752212389,-0.39677938143045643
HSY,The Hershey Company,46.75B,5.81,0.0252,1.2816,0.015,Quarterly,,56.0,0.1153,0.11800000000000001,SCHD,0.0228,0.024956083940328697,0.016188765017446153,0.03910245925780109,0.026704644655554863,0.016188765017446153,0.03910245925780109,Consumer Defensive,Confectioners,0.0,116.53,18.89,0.10526315789473681,-0.0563439309888694
NUE,Nucor Corporation,44.19B,2.24,0.0116,0.2939,0.0184,Quarterly,53.0,53.0,0.0304,0.0647,Aristocrat+King,0.0148,0.015804417816191966,0.011053228665919936,0.03389917303004636,0.024938127355532837,0.011053228665919936,0.06373378105349778,Basic Materials,Steel,-1.58,32.19,9.36,-0.2162162162162163,-0.5348487945937772
SYY,Sysco Corporation,41.41B,2.16,0.025,0.5739,0.0493,Quarterly,57.0,57.0,0.0281,0.0342,Aristocrat+King,0.0254,0.027582827198635494,0.023172510088441248,0.033922369762422806,0.028779793551744252,0.021497060286442687,0.06776611216153598,Consumer Defensive,Food Distribution,1.69,640.25,82.34,-0.015748031496062898,-0.13133497795765703
ED,"Consolidated Edison, Inc.",38.50B,3.55,0.0333,0.5992999999999999,0.0292,Quarterly,53.0,56.0,0.0263,0.0229,Aristocrat+King,0.0354,0.03892161441958517,0.030768875991870264,0.05587698688554123,0.04302753407449072,0.030768875991870264,0.05773857107803461,Utilities,Utilities - Regulated Electric,-0.07,110.37,8.84,-0.05932203389830502,-0.2260769594104575
ROP,"Roper Technologies, Inc.",37.49B,3.64,0.0104,0.2384,0.1008,Quarterly,34.0,35.0,0.09119999999999999,0.095,Aristocrat,0.0056,0.005852590425793172,0.004634815285176022,0.010435181249843616,0.0060185823350150545,0.004634815285176022,0.010435181249843616,Technology,Software - Application,5.58,46.78,7.93,0.8571428571428571,0.7279816775945104
FITB,Fifth Third Bancorp,35.92B,1.60,0.029500000000000002,0.4363,0.0694,Quarterly,15.0,51.0,0.0608,0.0735,SCHD,0.0355,0.04001511026998924,0.02783960910021524,0.06644115394203423,0.040401226130805296,0.025018731372640834,0.10441717704864026,Financial Services,Banks - Regional,0.0,0.0,12.19,-0.16901408450704214,-0.2698241408691624
PAYX,"Paychex, Inc.",35.21B,4.32,0.044000000000000004,0.9773000000000001,0.102,Quarterly,12.0,39.0,0.1099,0.1174,SCHD,0.027,0.030261595746758404,0.021091652942029818,0.04446731788109375,0.03478438490600825,0.021091652942029818,0.058784100843047235,Technology,Software - Application,1.33,129.81,40.88,0.6296296296296298,0.26493540474823685
KVUE,Kenvue Inc.,34.83B,0.83,0.045700000000000005,1.1067,0.015300000000000001,Quarterly,3.0,4.0,,,Aristocrat+King,0.0,0.0,0.0,0.0,0.0,0.0,0.0,Consumer Defensive,Household & Personal Products,1.1,85.66,13.47,0.0,0.0
KMB,Kimberly-Clark Corporation,34.75B,5.12,0.0489,0.8349,0.0285,Quarterly,54.0,56.0,0.0278,0.030699999999999998,Aristocrat+King+SCHD,0.0363,0.040233446708362236,0.034821668555560646,0.05166051789795317,0.04070799117767754,0.03283221075236043,0.053257746167548664,Consumer Defensive,Household & Personal Products,0.66,441.1,126.6,0.34710743801652894,0.20123834621479914
ADM,Archer-Daniels-Midland Company,32.37B,2.08,0.030899999999999997,0.9204000000000001,0.0199,Quarterly,53.0,56.0,0.075,0.0717,Aristocrat+King+SCHD,0.0271,0.02968401640816887,0.018043329416341892,0.050159161854430555,0.03418771279173214,0.018043329416341892,0.057930850960567874,Consumer Defensive,Farm Products,2.36,36.52,4.72,0.14022140221402207,-0.09616650320425163
DOV,Dover Corporation,30.86B,2.08,0.0092,0.2605,0.0098,Quarterly,71.0,71.0,0.009000000000000001,0.009399999999999999,Aristocrat+King,0.0128,0.013249959122107415,0.009244855101188916,0.018039033305914692,0.01856710712082212,0.009244855101188916,0.03509223045667272,Industrials,Specialty Industrial Machinery,3.05,44.94,15.29,-0.28125000000000006,-0.5045000850087927
HAL,Halliburton Company,29.23B,0.68,0.0195,0.4533,,Quarterly,,55.0,0.0935,0.3045,SCHD,0.0168,0.018549566800192905,0.0058198976305085205,0.03609940067531738,0.022344447109662605,0.0058198976305085205,0.17247864220266484,Energy,Oil & Gas Equipment & Services,3.76,79.16,12.27,0.16071428571428578,-0.12729995491508744
PPG,"PPG Industries, Inc.",28.63B,2.84,0.0223,0.4048,0.0446,Quarterly,55.0,56.0,0.046799999999999994,0.057,Aristocrat+King,0.0193,0.02065551058178029,0.012981238713681576,0.030283366667623688,0.019909892632705713,0.012981238713681576,0.03149909597635261,Basic Materials,Specialty Chemicals,0.0,99.56,21.28,0.15544041450777196,0.12004622081025643
ATO,Atmos Energy Corporation,28.37B,4.00,0.0233,0.4864,0.1164,Quarterly,44.0,44.0,0.09609999999999999,0.0928,Aristocrat,0.0243,0.026591401195591592,0.019532237465948267,0.03358980799543237,0.026523477183516594,0.019532237465948267,0.03358980799543237,Utilities,Utilities - Regulated Gas,-2.83,67.44,9.24,-0.04115226337448549,-0.12153297854626205
FTS,Fortis Inc.,27.12B,1.77,0.032799999999999996,0.7354,0.0195,Quarterly,10.0,14.0,0.0197,0.0361,King,0.0383,0.04218821136992851,0.032369520743204844,0.05272996579862108,0.045275093076186046,0.032369520743204844,0.06231508225584304,Utilities,Utilities - Regulated Electric,-3.31,131.1,7.61,-0.14360313315926906,-0.2755398659301209
RF,Regions Financial Corporation,26.70B,1.06,0.0345,0.4543,0.0556,Quarterly,13.0,23.0,0.1072,0.1101,SCHD,0.0381,0.04414224437708465,0.03172148263092427,0.07588728220248953,0.0432198985158055,0.022784024175506422,0.10664729644493767,Financial Services,Banks - Regional,0.0,0.0,11.65,-0.09448818897637792,-0.20175657082157736
CINF,Cincinnati Financial Corporation,26.32B,3.76,0.0223,0.2641,0.0758,Quarterly,65.0,65.0,0.07980000000000001,0.0788,Aristocrat+King+SCHD,0.0239,0.026083390953309558,0.020156386464088155,0.03350204373747292,0.029497637725179677,0.020156386464088155,0.057365979087690824,Financial Services,Insurance - Property & Casualty,3.07,5.73,14.53,-0.06694560669456069,-0.24400725889435046
GIS,"General Mills, Inc.",25.67B,2.44,0.0507,0.5273,0.0167,Quarterly,6.0,56.0,0.0415,0.0385,SCHD,0.0347,0.03866934535028021,0.026652635966885517,0.05761038679839307,0.04283878196461205,0.026652635966885517,0.06931237980752206,Consumer Defensive,Packaged Foods,1.9,147.23,27.17,0.4610951008645533,0.18350703906291946
ES,Eversource Energy,25.37B,3.15,0.0466,0.8354,0.0509,Quarterly,26.0,28.0,0.0558,0.057300000000000004,Aristocrat,0.0376,0.04223684659785863,0.03107698124001952,0.05748719610596261,0.04065827604559762,0.027738298023201574,0.05748719610596261,Utilities,Utilities - Regulated Electric,0.09,184.36,8.61,0.2393617021276596,0.1461381182945098
DRI,"Darden Restaurants, Inc.",25.10B,6.00,0.0275,0.6183,0.0708,Quarterly,5.0,32.0,0.0682,0.3065,SCHD,0.0286,0.03408677941516123,0.011683694924576524,0.04718091375411827,0.03589846850377211,0.011683694924576524,0.12192376062641343,Consumer Cyclical,Restaurants,0.91,401.27,54.1,-0.03846153846153847,-0.2339506071934412
CHRW,"C.H. Robinson Worldwide, Inc.",23.66B,2.52,0.0126,0.5176,0.0121,Quarterly,28.0,30.0,0.0252,0.0415,Aristocrat,0.0233,0.025246901489452567,0.0125629395583372,0.037430432024085386,0.026605046945156165,0.0125629395583372,0.03885859413636606,Industrials,Integrated Freight & Logistics,2.5,75.6,32.91,-0.4592274678111588,-0.5264056467942443
CHD,"Church & Dwight Co., Inc.",23.63B,1.23,0.0125,0.39490000000000003,0.0403,Quarterly,30.0,52.0,0.04,0.0416,Aristocrat,0.0116,0.01213659712844036,0.01018276127259582,0.015469086954429225,0.013834846388821192,0.01018276127259582,0.021131938555576255,Consumer Defensive,Household & Personal Products,4.13,55.1,17.62,0.07758620689655185,-0.09648436645453262
CTRA,Coterra Energy Inc.,23.15B,0.88,0.0288,0.40619999999999995,0.047599999999999996,Quarterly,1.0,36.0,-0.2939,0.17079999999999998,SCHD,0.0455,0.05445389999191489,0.024573690108035656,0.13236840742262315,0.0352747631291957,0.004141582483304036,0.13236840742262315,Energy,Oil & Gas E&P,1.42,27.96,11.85,-0.367032967032967,-0.18355227802612134
BRO,"Brown & Brown, Inc.",23.07B,0.66,0.0096,0.19940000000000002,0.125,Quarterly,33.0,41.0,0.13140000000000002,0.1216,Aristocrat,0.0063,0.006721873632552489,0.004857410776811922,0.009611184179388436,0.00912757917591912,0.004857410776811922,0.017756208450629765,Financial Services,Insurance Brokers,6.53,62.48,11.23,0.5238095238095236,0.05175751587312942
AMCR,Amcor plc,22.36B,2.60,0.0537,1.7496,0.019799999999999998,Quarterly,7.0,8.0,0.0202,0.0206,Aristocrat+SCHD,0.0472,0.051999201545015875,0.041191204406766234,0.06547314833514312,0.07230647699196739,0.02153954866919036,0.14553440398399223,Consumer Cyclical,Packaging & Containers,0.37,138.73,7.73,0.13771186440677963,-0.2573279430283183
EXPD,"Expeditors International of Washington, Inc.",21.93B,1.54,0.009399999999999999,0.2505,0.0548,Semi-Annual,31.0,33.0,0.042300000000000004,0.0696,Aristocrat,0.0114,0.023909071881645948,0.017611336586833018,0.03220433107793984,0.026900086503105217,0.017611336586833018,0.03904180882911658,Industrials,Integrated Freight & Logistics,3.6,24.55,36.51,-0.17543859649122823,-0.6505587445261595
PKG,Packaging Corporation of America,21.33B,5.00,0.021,0.5827,,Quarterly,,23.0,,0.0691,SCHD,0.0284,0.03164599832618074,0.020714055885218036,0.0492043595891478,0.03405968379474021,0.020714055885218036,0.06552873226787576,Consumer Cyclical,Packaging & Containers,0.0,91.62,16.9,-0.2605633802816901,-0.38343526244823795
TROW,"T. Rowe Price Group, Inc.",20.94B,5.08,0.053,0.5498,0.0242,Quarterly,40.0,40.0,0.0177,0.060899999999999996,Aristocrat+SCHD,0.0395,0.04643334751990755,0.023537943978939893,0.07451623741665825,0.04172484717442238,0.023537943978939893,0.07451623741665825,Financial Services,Asset Management,0.0,0.0,18.79,0.3417721518987341,0.27022634207488155
GPC,Genuine Parts Company,20.31B,4.12,0.0282,0.7095,0.03,Quarterly,70.0,70.0,0.0426,0.0528,Aristocrat+King,0.0268,0.0292194619752583,0.020831913130276707,0.0399636105535907,0.033426438436102324,0.020831913130276707,0.07390642935718919,Consumer Cyclical,Auto Parts,0.45,133.16,16.99,0.052238805970149196,-0.1563564256507057
ALB,Albemarle Corporation,19.51B,1.62,0.0098,,0.0062,Quarterly,31.0,32.0,0.0073,0.0095,Aristocrat,0.0119,0.012297438053293619,0.0050854504194653045,0.032394891339080974,0.014871076316458853,0.0050854504194653045,0.03246410227377999,Basic Materials,Specialty Chemicals,-0.81,36.66,0.21,-0.1764705882352942,-0.34100264221267834
SNA,Snap-on Incorporated,19.15B,9.76,0.0265,0.4617,0.1477,Quarterly,16.0,55.0,0.13369999999999999,0.1391,SCHD,0.0243,0.027115353185896633,0.02124862028692454,0.03246680465299601,0.026780888413748576,0.018160176945723833,0.0526084529958277,Industrials,Tools & Accessories,1.34,21.23,18.33,0.09053497942386834,-0.01048839043010898
MKC,"McCormick & Company, Incorporated",18.21B,1.92,0.028300000000000002,0.6246,0.0702,Quarterly,39.0,55.0,0.0638,0.0708,Aristocrat,0.0198,0.02145412255925226,0.015435400759410677,0.03158414165296684,0.020407659977854667,0.01319887148458605,0.03158414165296684,Consumer Defensive,Packaged Foods,1.16,73.21,14.24,0.4292929292929293,0.38673419837010675
WST,"West Pharmaceutical Services, Inc.",17.91B,0.88,0.0034999999999999996,0.1274,0.048799999999999996,Quarterly,33.0,54.0,0.051399999999999994,0.054400000000000004,Aristocrat,0.0025,0.0025233667710466054,0.0014686584013942152,0.0044275685516123155,0.00389838144342075,0.0014686584013942152,0.00912746801700653,Healthcare,Medical Instruments & Supplies,3.97,9.93,16.95,0.3999999999999998,-0.10219149901123549
LYB,LyondellBasell Industries N.V.,17.85B,5.48,0.09880000000000001,,0.0342,Quarterly,2.0,15.0,-0.1821,0.0535,SCHD,0.0603,0.08499135113905557,0.04962374905654442,0.38458292581460124,0.07814464312135057,0.04814091049791126,0.38458292581460124,Basic Materials,Specialty Chemicals,0.48,124.32,-10.58,0.6384742951907133,0.2643221090225443
ESS,"Essex Property Trust, Inc.",17.19B,10.28,0.039900000000000005,0.9884999999999999,0.049,Quarterly,1.0,33.0,0.048799999999999996,0.0432,Aristocrat,0.0344,0.03811090632974821,0.02719821000865369,0.05032814882107106,0.038084287521949305,0.02719821000865369,0.053655259037573386,Real Estate,REIT - Residential,0.0,119.43,12.23,0.1598837209302327,0.047676157181731224
EWBC,"East West Bancorp, Inc.",16.86B,3.20,0.026099999999999998,0.2731,0.15560000000000002,Quarterly,8.0,28.0,0.1567,0.17620000000000002,SCHD,0.0233,0.02643832338916398,0.016324924180621377,0.05003181732513393,0.025438713298569695,0.013244499099919314,0.05633623517871215,Financial Services,Banks - Regional,0.0,0.0,15.95,0.12017167381974235,0.02599528889959558
NDSN,Nordson Corporation,16.22B,3.28,0.0113,0.376,0.4286,Quarterly,63.0,63.0,0.0916,0.156,Aristocrat+King,0.0106,0.011464401054999728,0.007137307789319481,0.01882793888203809,0.011060543523533818,0.007137307789319481,0.01882793888203809,Industrials,Specialty Industrial Machinery,3.0,68.75,16.21,0.06603773584905653,0.02164961206080727
PNR,Pentair plc,15.96B,1.08,0.0111,0.25780000000000003,0.0851,Quarterly,49.0,51.0,0.06269999999999999,0.057800000000000004,Aristocrat,0.0125,0.013233617426841825,0.008531013915628974,0.022398947315098106,0.01777765634814736,0.008531013915628974,0.036191954332763045,Industrials,Specialty Industrial Machinery,3.14,42.35,17.48,-0.11200000000000002,-0.3756207352294359
WSO,"Watsco, Inc.",15.73B,12.00,0.028900000000000002,0.9322,0.11109999999999999,Quarterly,12.0,43.0,0.0986,0.1107,SCHD,0.0266,0.02975287432504574,0.019645110105395824,0.043058605482372246,0.035609755066025824,0.019645110105395824,0.05783645823838836,Industrials,Industrial Distribution,0.89,13.86,19.05,0.08646616541353397,-0.18842463402471962
FNF,"Fidelity National Financial, Inc.",15.27B,2.08,0.037000000000000005,0.9526,1.1076000000000001,Quarterly,14.0,21.0,0.3194,0.2426,SCHD,0.0373,0.04238270919746929,0.030852925854689822,0.0621982915131353,0.04099262264907167,0.024103424210253077,0.07744736804988307,Financial Services,Insurance - Specialty,1.22,51.18,13.96,-0.008042895442359107,-0.09739856567001291
RPM,RPM International Inc.,15.09B,2.16,0.0183,0.4045,0.0825,Quarterly,53.0,54.0,0.0859,0.0725,King,0.0173,0.018599393768999557,0.014154671874051773,0.022784401953341103,0.022090845729318773,0.014154671874051773,0.03600152616554901,Basic Materials,Specialty Chemicals,1.5,91.61,22.83,0.05780346820809254,-0.17160256224539183
CF,"CF Industries Holdings, Inc.",14.81B,2.00,0.021099999999999997,0.2418,,Quarterly,,22.0,0.07719999999999999,0.1076,SCHD,0.0208,0.02269569286114647,0.011834181334896714,0.03126707612253141,0.0322549779755764,0.011834181334896714,0.07292668669426111,Basic Materials,Agricultural Inputs,4.37,44.13,21.97,0.014423076923076837,-0.3458374079195775
CLX,The Clorox Company,14.46B,4.96,0.0415,0.8059999999999999,0.0165,Quarterly,49.0,56.0,0.0167,0.0239,Aristocrat,0.0325,0.0355820990297586,0.025560913373157832,0.051472226037958285,0.0333949336853997,0.02199686266463253,0.051472226037958285,Consumer Defensive,Household & Personal Products,1.67,9191.43,987.18,0.27692307692307694,0.24270347086042723
BEN,"Franklin Resources, Inc.",14.41B,1.32,0.04769999999999999,1.2034,0.0317,Quarterly,46.0,46.0,0.032799999999999996,0.034,Aristocrat,0.0473,0.05399027336517803,0.03682268056532853,0.08005729484195515,0.06167087006455638,0.02660661813541597,0.5729220296515738,Financial Services,Asset Management,0.48,24.59,4.46,0.00845665961945012,-0.22653920805611846
ERIE,Erie Indemnity Company,14.10B,5.85,0.0217,0.4486,0.0708,Quarterly,36.0,36.0,0.06509999999999999,-0.0152,Aristocrat,0.0176,0.01885150806066734,0.009575173195235515,0.02951730386700428,0.023797777247262487,0.009575173195235515,0.040542431182091894,Financial Services,Insurance Brokers,1.59,2.35,30.44,0.23295454545454541,-0.0881501337484701
BBY,"Best Buy Co., Inc.",14.06B,3.80,0.0567,1.2573999999999999,0.0106,Quarterly,21.0,23.0,0.022000000000000002,0.1009,SCHD,0.0415,0.04745644758731839,0.02255532189578079,0.0703940061435841,0.043124937024374775,0.02225359062627505,0.13647738062582612,Consumer Cyclical,Specialty Retail,1.44,154.54,22.49,0.3662650602409638,0.31478452868122275
SWK,"Stanley Black & Decker, Inc.",13.92B,3.32,0.037000000000000005,1.2453,0.0123,Quarterly,59.0,59.0,0.011399999999999999,0.0341,Aristocrat+King,0.033,0.035968076472574204,0.014906393133243564,0.060859253932380675,0.02944453122781009,0.014906393133243564,0.060859253932380675,Industrials,Tools & Accessories,1.79,64.76,4.52,0.12121212121212131,0.2566000699326415
BF.B,Brown-Forman Corporation,13.66B,0.92,0.0313,0.5325,0.0348,Quarterly,53.0,55.0,0.0493,0.051699999999999996,Aristocrat,0.0,0.0,0.0,0.0,0.0,0.0,0.0,,,0.0,0.0,0.0,0.0,0.0
HRL,Hormel Foods Corporation,13.43B,1.17,0.0479,1.3375,0.022000000000000002,Quarterly,60.0,60.0,0.0329,0.0401,Aristocrat+King,0.0301,0.0329169032206547,0.021577839018241098,0.05518167585417516,0.028133006841439743,0.016789541607759053,0.05518167585417516,Consumer Defensive,Packaged Foods,0.45,38.22,6.0,0.5913621262458472,0.7026263943263824
CNA,CNA Financial Corporation,13.30B,3.84,0.0782,1.0493999999999999,0.0213,Quarterly,2.0,15.0,0.1084,0.11380000000000001,SCHD,0.0372,0.08424007785149634,0.036726548024755785,0.28545522520789396,0.10816388831754964,0.03408197738498857,0.627549615817054,Financial Services,Insurance - Property & Casualty,4.58,30.65,9.03,1.102150537634409,-0.2770230322118327
OVV,Ovintiv Inc.,11.91B,1.20,0.0255,1.3324,,Quarterly,,53.0,0.06269999999999999,0.2619,SCHD,0.0221,0.02496375838260116,0.012745316095050125,0.0393456967801718,0.022823582765767413,0.0051532228545832,0.2049867095356887,Energy,Oil & Gas E&P,-2.72,62.82,2.26,0.1538461538461537,0.1172654294332301
UNM,Unum Group,11.88B,1.84,0.025699999999999997,0.4215,0.10769999999999999,Quarterly,17.0,40.0,0.1174,0.09570000000000001,SCHD,0.031,0.03481918445670032,0.020630700822413726,0.060940549349259056,0.038208611539499386,0.020630700822413726,0.1374144134833832,Financial Services,Insurance - Life,0.0,33.88,6.69,-0.17096774193548395,-0.3273767623450072
SJM,The J. M. Smucker Company,11.47B,4.40,0.040999999999999995,,0.018600000000000002,Quarterly,30.0,56.0,0.0265,0.0412,Aristocrat,0.0329,0.03610256196988581,0.027923665026149173,0.04667955573919315,0.03557231837440339,0.02296982632349864,0.04667955573919315,Consumer Defensive,Packaged Foods,0.69,131.36,-17.44,0.24620060790273546,0.15258161046658625
AOS,A. O. Smith Corporation,11.01B,1.44,0.0182,0.3638,0.060599999999999994,Quarterly,33.0,33.0,0.0647,0.0696,Aristocrat,0.0173,0.018455762692491863,0.014106697288700759,0.024612221306160535,0.017681401831539743,0.00957120160565987,0.030845348765022214,Industrials,Specialty Industrial Machinery,2.76,10.34,29.2,0.05202312138728332,0.029330150030027192
AFG,"American Financial Group, Inc.",10.81B,3.52,0.027200000000000002,0.6806,-0.1745,Quarterly,,41.0,-0.2186,0.11960000000000001,SCHD,0.0198,0.06755566074224298,0.01986738981124032,0.6973181962109947,0.059575634905292434,0.01986738981124032,0.6973181962109947,Financial Services,Insurance - Property & Casualty,0.0,37.76,18.31,0.3737373737373737,-0.5434375136204603
DINO,HF Sinclair Corporation,10.71B,2.00,0.0344,0.9666,,Quarterly,,38.0,0.0662,0.0739,SCHD,0.0336,0.0438023502687487,0.027649094218303905,0.07980102711736888,0.04645054249013554,0.02062391085713986,0.09658673951433135,Energy,Oil & Gas Refining & Marketing,2.46,35.77,4.18,0.023809523809523874,-0.25942737897398405
APA,APA Corporation,9.75B,1.00,0.0364,0.24059999999999998,,Quarterly,,56.0,0.10060000000000001,0.5849,SCHD,0.0252,0.028783115579841877,0.004180872028815584,0.07495948477935915,0.030510079796742074,0.004180872028815584,0.2888520951691095,Energy,Oil & Gas E&P,8.94,66.89,27.43,0.44444444444444453,0.1930483382048337
COLB,"Columbia Banking System, Inc.",9.58B,1.48,0.045700000000000005,0.6304,0.0069,Quarterly,3.0,29.0,0.009399999999999999,0.005600000000000001,SCHD,0.0,0.05680272446815838,0.028290042979286983,0.09177557773748972,0.054058566166116026,0.026716874582705764,0.1237844825764572,Financial Services,Banks - Regional,0.0,0.0,8.49,0.0,-0.1546205672646046
SWKS,"Skyworks Solutions, Inc.",9.26B,2.84,0.0461,1.0887,0.018000000000000002,Quarterly,12.0,13.0,0.0536,0.0784,SCHD,0.0254,0.027566804155482096,0.011368622681196748,0.058686978135917806,0.022841649582750555,0.011368622681196748,0.058686978135917806,Technology,Semiconductors,2.58,20.71,6.49,0.81496062992126,1.0182430271942169
ALV,"Autoliv, Inc.",9.23B,3.48,0.0282,0.3267,0.1387,Quarterly,5.0,29.0,0.06269999999999999,0.3815,SCHD,0.0248,0.029913240983216648,0.021812702492729322,0.04188262954221405,0.030710574161240595,0.01862846521951546,0.07005084020542965,Consumer Cyclical,Auto Parts,2.18,89.78,30.24,0.1370967741935484,-0.0817495025673977
FRT,Federal Realty Investment Trust,9.21B,4.52,0.0426,1.1304,0.0183,Quarterly,59.0,59.0,0.0115,0.0106,Aristocrat+King,0.0413,0.04619262335474268,0.03649922256966977,0.059426417654228236,0.04592600861381961,0.03179873071096188,0.08160708177386784,Real Estate,REIT - Retail,1.05,138.76,10.52,0.031476997578692385,-0.07242102490959297
CBSH,"Commerce Bancshares, Inc.",8.14B,1.10,0.0199,0.2658,0.0644,Quarterly,58.0,58.0,0.0613,0.0554,King,0.0172,0.01814374181486609,0.014154808483373166,0.025931900432124698,0.018573017874009924,0.014154808483373166,0.025931900432124698,Financial Services,Banks - Regional,0.0,0.0,15.97,0.15697674418604657,0.07144676944757501
NFG,National Fuel Gas Company,8.08B,2.14,0.0252,0.2955,0.0392,Quarterly,56.0,56.0,0.037200000000000004,0.0356,King,0.0316,0.03474884944945533,0.02311835719547062,0.05152388997284766,0.038759544477972585,0.02311835719547062,0.06452778579625114,Energy,Oil & Gas Integrated,-0.01,77.31,20.66,-0.20253164556962033,-0.34983756028605034
MSA,MSA Safety Incorporated,7.62B,2.12,0.0109,0.2985,0.0392,Quarterly,56.0,56.0,0.0483,0.042699999999999995,King,0.0121,0.01267867429484513,0.00985957306068405,0.01751805229909633,0.015930526859458706,0.00985957306068405,0.03751123735183062,Industrials,Security & Protection Services,2.67,51.78,23.35,-0.09917355371900824,-0.31577906392165833
FDS,FactSet Research Systems Inc.,7.54B,4.40,0.0217,0.2799,0.057699999999999994,Quarterly,27.0,28.0,0.0732,0.0739,Aristocrat,0.0093,0.009742466389408642,0.00697203293335467,0.02165141213251675,0.010938911280418432,0.00697203293335467,0.02165141213251675,Financial Services,Financial Data & Stock Exchanges,3.34,71.96,28.83,1.3333333333333335,0.9837440348240888
JHG,Janus Henderson Group plc,7.43B,1.59,0.033,0.304,0.0192,Quarterly,1.0,9.0,0.0064,0.02,SCHD,0.0473,0.053595479927131595,0.03316062176165803,0.09248282843085373,0.0,0.0,0.0,Financial Services,Asset Management,0.0,6.46,16.2,-0.3023255813953488,0.0
NXST,"Nexstar Media Group, Inc.",7.28B,7.44,0.031,0.4585,0.0736,Quarterly,13.0,14.0,0.22469999999999998,0.256,SCHD,0.0283,0.03310046371292814,0.017734861211543787,0.05293829408064323,0.028771383384158012,0.016447793452229197,0.05775612151236972,Communication Services,Broadcasting,5.3,291.68,21.35,0.09540636042402831,0.07745948764733711
UBSI,"United Bankshares, Inc.",6.29B,1.52,0.0337,0.4557,0.0068000000000000005,Quarterly,37.0,42.0,0.011399999999999999,0.0125,King,0.0402,0.044879542888830115,0.0333919153056765,0.06080483001420464,0.04876121918866491,0.0333919153056765,0.08605301287987578,Financial Services,Banks - Regional,0.0,0.0,8.86,-0.1616915422885572,-0.3088770018319406
OZK,Bank OZK,5.66B,1.84,0.0359,0.28800000000000003,0.09880000000000001,Quarterly,29.0,30.0,0.1104,0.102,SCHD,0.032,0.03637159077747107,0.02657215977076188,0.04953861795147504,0.034725401207780525,0.016140397198205866,0.08341469713000318,Financial Services,Banks - Regional,0.0,0.0,12.09,0.12187500000000002,0.033825348343456935
RLI,RLI Corp.,5.54B,2.64,0.0438,0.6024,0.0233,Quarterly,52.0,52.0,-0.1319,0.2183,King,0.0084,0.03854683564523884,0.0068428385258912,0.25434894068798947,0.03991240991897562,0.0068428385258912,0.25434894068798947,Financial Services,Insurance - Property & Casualty,0.0,5.62,24.44,4.214285714285714,0.09740304053091253
MC,Moelis & Company,5.42B,2.60,0.0355,0.8256,0.061200000000000004,Quarterly,1.0,13.0,0.027000000000000003,-0.0546,SCHD,0.0438,0.07268331715136939,0.03077122025872167,0.3016636677419735,0.1022291681883195,0.03077122025872167,0.37396844947921454,Financial Services,Capital Markets,0.0,43.28,47.29,-0.18949771689497721,-0.6527409874390805
BKH,Black Hills Corporation,5.39B,2.81,0.0393,0.6862,0.04,Quarterly,55.0,56.0,0.0383,0.044199999999999996,King,0.0396,0.04429893529459817,0.03464447120184639,0.057742714163079994,0.042030311823930376,0.03143214838169765,0.057742714163079994,Utilities,Utilities - Regulated Gas,0.0,113.71,8.06,-0.007575757575757617,-0.06496054170066481
MSM,"MSC Industrial Direct Co., Inc.",5.26B,3.48,0.037000000000000005,0.9379000000000001,0.023799999999999998,Quarterly,4.0,24.0,0.0331,-0.1195,SCHD,0.0369,0.04111397603145945,0.03320381318243929,0.05053539338858026,0.053985743111408475,0.026255472310517752,0.6473232705129071,Industrials,Industrial Distribution,0.74,41.95,14.69,0.0027100271002710803,-0.3146338668776975
MTN,"Vail Resorts, Inc.",5.05B,8.88,0.0629,1.2265000000000001,,Quarterly,,15.0,0.0446,0.5878,SCHD,0.0223,0.04175710830302129,0.01129046975658656,0.07067291408316702,0.036952019592252826,0.01129046975658656,0.07067291408316702,Consumer Cyclical,Resorts & Casinos,1.09,730.69,46.73,1.8206278026905829,0.7022073676640747
WHR,Whirlpool Corporation,4.93B,3.60,0.040999999999999995,0.9364,-0.2429,Quarterly,,55.0,-0.0886,0.0158,SCHD,0.0526,0.05716235208058063,0.02520080933605081,0.09657987673619335,0.04901297926886629,0.02520080933605081,0.09831681190955197,Consumer Cyclical,"Furnishings, Fixtures & Appliances",0.95,264.79,12.07,-0.2205323193916351,-0.1634868842579469
MUR,Murphy Oil Corporation,4.65B,1.40,0.043,1.8316999999999999,0.0816,Quarterly,4.0,56.0,0.1173,0.2152,SCHD,0.0291,0.033068176420338595,0.015586599320393255,0.06892767924448542,0.04457446429764918,0.015586599320393255,0.25926495984527814,Energy,Oil & Gas E&P,1.28,42.04,2.61,0.4776632302405497,-0.03532211373614235
IBOC,International Bancshares Corporation,4.56B,1.46,0.0199,0.2115,0.051500000000000004,Semi-Annual,16.0,31.0,0.051500000000000004,0.053899999999999997,SCHD,0.0246,0.05272437134220448,0.0358881333445621,0.06779577440201585,0.05471369282132119,0.0339658027473001,0.1545596170828024,Financial Services,Banks - Regional,0.0,0.0,14.31,-0.19105691056910565,-0.6362884869608867
RDN,Radian Group Inc.,4.44B,1.02,0.031200000000000002,0.2553,0.0408,Quarterly,6.0,33.0,0.0733,0.1533,SCHD,0.0299,0.03401982603841942,0.023247176842213547,0.04972813344859054,0.02080714149973239,0.0005521795556711734,0.06184465489173163,Financial Services,Insurance - Specialty,0.59,27.35,12.13,0.043478260869565306,0.4994851647642845
SIG,Signet Jewelers Limited,3.95B,1.28,0.0132,0.3738,0.10339999999999999,Quarterly,4.0,16.0,0.1696,0.4804,SCHD,0.0436,0.014272301061503574,0.0068904044027051446,0.038538054942982077,0.033648766259090135,0.0068904044027051446,0.2675887531138229,Consumer Cyclical,Luxury Goods,9.21,66.96,8.24,-0.6972477064220184,-0.607712214517403
FHI,"Federated Hermes, Inc.",3.94B,1.36,0.0255,0.2652,-0.39289999999999997,Quarterly,,29.0,0.0799,-0.0815,SCHD,0.0312,0.04189351043698678,0.02502999885843002,0.22355931288606806,0.056657978123069025,0.02502999885843002,0.2975397783411281,Financial Services,Asset Management,0.0,27.57,34.3,-0.1826923076923077,-0.5499309921612373
FG,"F&G Annuities & Life, Inc.",3.75B,1.00,0.0359,0.2658,0.0706,Quarterly,3.0,3.0,,,SCHD,0.0,0.0,0.0,0.0,0.0,0.0,0.0,Financial Services,Insurance - Life,0.56,45.57,9.94,0.0,0.0
APAM,Artisan Partners Asset Management Inc.,3.73B,3.87,0.0837,0.9556,0.1121,Quarterly,2.0,14.0,0.11130000000000001,0.0268,SCHD,0.0743,0.10357442235896569,0.05655711903544982,0.2893209729435616,0.15240943263730747,0.05655711903544982,0.46219449509136823,Financial Services,Asset Management,0.0,39.62,49.31,0.12651413189771185,-0.4508213924056592
CATY,Cathay General Bancorp,3.64B,1.36,0.025099999999999997,0.29960000000000003,,Quarterly,,35.0,,0.018600000000000002,SCHD,0.0324,0.03518749395243448,0.02508299464000572,0.05315869626075382,0.03690077573627456,0.024592039718762997,0.08070969526840233,Financial Services,Banks - Regional,0.0,0.0,10.92,-0.22530864197530867,-0.3197974975001419
FUL,H.B. Fuller Company,3.56B,0.94,0.0143,0.3418,0.0562,Quarterly,57.0,57.0,0.07339999999999999,0.0766,King,0.0117,0.012367107238952986,0.00869403439636392,0.018714873802980536,0.01326285816723451,0.00869403439636392,0.027318086996492595,Basic Materials,Specialty Chemicals,4.4,109.61,7.94,0.2222222222222222,0.07819896885632976
CNS,"Cohen & Steers, Inc.",3.28B,2.48,0.038599999999999995,0.835,0.0508,Quarterly,3.0,22.0,0.037599999999999995,-0.0109,SCHD,0.0297,0.03800606602971914,0.020775294115367934,0.10293387692008686,0.06086083831504225,0.020775294115367934,0.44638988860673656,Financial Services,Asset Management,0.0,24.22,27.27,0.29966329966329946,-0.36576621241742424
IPAR,"Interparfums, Inc.",3.21B,3.20,0.032,0.6244,0.0667,Quarterly,5.0,24.0,0.1462,0.6651,SCHD,0.0186,0.022579470308363058,0.010308463499260597,0.040601925905791,0.022372985710103575,0.010308463499260597,0.042042149909395504,Consumer Defensive,Household & Personal Products,0.79,20.81,19.77,0.7204301075268819,0.43029635894993196
WU,The Western Union Company,3.17B,0.94,0.0942,0.40549999999999997,,Quarterly,,20.0,,0.006500000000000001,SCHD,0.073,0.08745325011782394,0.05092049696051066,0.1251842612448936,0.07293233351592827,0.042460617948545595,0.1251842612448936,Financial Services,Credit Services,0.96,280.12,97.7,0.29041095890410973,0.29160819980382113
RHI,Robert Half Inc.,2.91B,2.36,0.081,1.7766,0.11320000000000001,Quarterly,22.0,22.0,0.10060000000000001,0.1101,SCHD,0.0302,0.03350798489290293,0.013975842761891882,0.09466530002332739,0.029592685678770405,0.013975842761891882,0.09466530002332739,Industrials,Staffing & Employment Services,0.0,18.72,9.98,1.6821192052980132,1.7371628543369708
MGEE,"MGE Energy, Inc.",2.88B,1.90,0.0241,0.5081,0.054900000000000004,Quarterly,51.0,56.0,0.0521,0.0509,King,0.021,0.022427636244609635,0.017072437753300144,0.028737701086510373,0.02334107882150959,0.017072437753300144,0.030018446992094158,Utilities,Utilities - Regulated Electric,-1.28,64.84,10.8,0.14761904761904754,0.03251440022519601
CVBF,CVB Financial Corp.,2.88B,0.80,0.0377,0.5263,,Quarterly,,37.0,0.0042,0.0213,SCHD,0.0393,0.04370778249500232,0.03149301462643849,0.0832704284145598,0.04112053652193693,0.026951261527270967,0.0832704284145598,Financial Services,Banks - Regional,0.0,0.0,9.34,-0.04071246819338433,-0.08318316858808857
TR,"Tootsie Roll Industries, Inc.",2.83B,0.36,0.009300000000000001,0.2803,0.03,Quarterly,57.0,57.0,0.0246,0.026699999999999998,King,0.0104,0.010763087820478981,0.007863415157811662,0.013118567966768144,0.011029208348405753,0.007863415157811662,0.014092693565677729,Consumer Defensive,Confectioners,5.13,1.54,10.48,-0.10576923076923063,-0.15678444850991546
ABM,ABM Industries Incorporated,2.81B,1.16,0.0248,0.4189,0.1543,Quarterly,59.0,59.0,0.0934,0.0766,King,0.0186,0.02014920866179896,0.015608804634691208,0.02646959940094132,0.021360936458183374,0.015608804634691208,0.04084169189798386,Industrials,Specialty Business Services,0.77,94.84,9.1,0.33333333333333337,0.16099778905054138
AWR,American States Water Company,2.71B,2.02,0.0288,0.5742,0.08259999999999999,Quarterly,72.0,72.0,0.0758,0.0816,King,0.02,0.02153505936135776,0.015364410855320997,0.028846311096458525,0.02127078464022637,0.014472114986402851,0.029186254147235455,Utilities,Utilities - Regulated Water,-0.72,91.33,13.78,0.43999999999999995,0.3539697988166694
BKE,"The Buckle, Inc.",2.63B,4.40,0.08410000000000001,1.0769,0.1282,Quarterly,,24.0,0.027999999999999997,0.08470000000000001,SCHD,0.0334,0.16343526174198966,0.024357225897949773,1.0798821432948316,0.22839244489584243,0.024357225897949773,1.0798821432948316,Consumer Cyclical,Apparel Retail,2.26,73.41,41.26,1.5179640718562877,-0.6317741594370447
CWT,California Water Service Group,2.62B,1.34,0.0305,0.5393,0.0466,Quarterly,59.0,59.0,0.0693,0.0732,King,0.0198,0.021560416828449877,0.014049540885275671,0.031925072452814784,0.021567973479981434,0.014049540885275671,0.03579204294169556,Utilities,Utilities - Regulated Water,-3.83,89.34,8.15,0.5404040404040402,0.41413378629702646
FLO,"Flowers Foods, Inc.",2.50B,0.99,0.08380000000000001,1.0796999999999999,0.0342,Quarterly,12.0,24.0,0.0374,0.042,SCHD,0.0423,0.04764875787374902,0.03385351487806016,0.09841269915756876,0.04743663915411156,0.03385351487806016,0.09841269915756876,Consumer Defensive,Packaged Foods,0.92,87.61,13.73,0.981087470449173,0.7665669721615738
HUN,Huntsman Corporation,2.27B,0.35,0.0268,,-0.1625,Quarterly,,19.0,-0.014499999999999999,0.052000000000000005,SCHD,0.0435,0.047294339731770156,0.02180452234238001,0.13589803655502386,0.04183835713494073,0.01893026771759077,0.13589803655502386,Basic Materials,Chemicals,6.03,80.01,-8.0,-0.38390804597701145,-0.359439475274751
BANR,Banner Corporation,2.22B,2.00,0.030699999999999998,0.3475,0.0208,Quarterly,1.0,32.0,0.0288,0.0363,SCHD,0.0323,0.035761916988639786,0.02617050987406537,0.052747620906573325,0.04117381142493735,0.020974002227567977,0.25387688631440924,Financial Services,Banks - Regional,0.0,0.0,10.5,-0.049535603715170407,-0.2543804195545952
NWN,Northwest Natural Holding Company,1.98B,1.97,0.041299999999999996,0.794,0.0051,Quarterly,71.0,71.0,0.0051,0.0052,King,0.044,0.04938585357171128,0.04028465241833549,0.061042817108138116,0.0459690949448423,0.03212750409558602,0.061042817108138116,Utilities,Utilities - Regulated Gas,-1.64,175.59,7.2,-0.06136363636363639,-0.10157030392799087
NWBI,"Northwest Bancshares, Inc.",1.94B,0.80,0.0601,0.8695999999999999,,Quarterly,,32.0,,0.0103,SCHD,0.0626,0.07435261907654071,0.0575302322158706,0.09605916852547382,0.0728366170934568,0.05274955686792463,0.12156518282346197,Financial Services,Banks - Regional,0.0,0.0,7.23,-0.03993610223642176,-0.17486557725648386
FMC,FMC Corporation,1.92B,0.32,0.0208,,-0.2155,Quarterly,,20.0,-0.0641,-0.0022,SCHD,0.038,0.03867351056826752,0.017376247239005767,0.19157244700998244,0.0275802626172791,0.008259354711581237,0.19157244700998244,Basic Materials,Agricultural Inputs,-0.15,194.15,-66.61,-0.45263157894736844,-0.24583749296974608
FCF,First Commonwealth Financial Corporation,1.91B,0.54,0.028999999999999998,0.36729999999999996,0.0385,Quarterly,9.0,40.0,0.04,0.0418,SCHD,0.0331,0.03680544202966716,0.027891185915076826,0.04788947189390892,0.03814572228982776,0.02619295451848799,0.07631937477368779,Financial Services,Banks - Regional,0.0,0.0,10.29,-0.12386706948640483,-0.23975748107060046
HTO,H2O America,1.84B,1.76,0.034300000000000004,0.5355,0.049400000000000006,Quarterly,33.0,55.0,0.052000000000000005,0.055099999999999996,King,0.0248,0.027014558150288435,0.01887467943221063,0.03812409164596932,0.02459974146579917,0.012077112852065228,0.03812409164596932,Utilities,Utilities - Regulated Water,-3.88,124.79,7.65,0.3830645161290325,0.3943235967616581
CHCO,City Holding Company,1.83B,3.48,0.0273,0.3718,0.10300000000000001,Quarterly,14.0,25.0,0.0992,0.0771,SCHD,0.0272,0.030103273628945444,0.023994179121770362,0.03800130604595804,0.03371270542296618,0.023994179121770362,0.05334913934003986,Financial Services,Banks - Regional,0.0,0.0,16.94,0.0036764705882353995,-0.19021628025728354
OFG,OFG Bancorp,1.81B,1.40,0.0335,0.2729,0.1905,Quarterly,5.0,35.0,0.1753,0.3394,SCHD,0.0223,0.02572465688145884,0.013769230762015737,0.040974754403751916,0.02482846866268724,0.013409022734953736,0.0629709426077374,Financial Services,Banks - Regional,0.0,0.0,15.51,0.5022421524663678,0.3492575984093826
GRC,The Gorman-Rupp Company,1.73B,0.76,0.0115,0.3713,0.0274,Quarterly,53.0,56.0,0.0282,0.045599999999999995,King,0.0201,0.021502319319501133,0.011527377468256083,0.03159039742182164,0.027238012497910344,0.011527377468256083,0.3213044210847805,Industrials,Specialty Industrial Machinery,3.43,74.15,13.45,-0.42786069651741293,-0.577795920283014
SRCE,1st Source Corporation,1.71B,1.60,0.022799999999999997,0.2434,0.0986,Quarterly,39.0,52.0,0.071,0.0666,SCHD,0.0252,0.027662034770611313,0.021685386335212713,0.03411744489921584,0.027200552174782816,0.017820274561622964,0.05006207649254852,Financial Services,Banks - Regional,0.0,0.0,12.66,-0.09523809523809534,-0.1617817221689528
STBA,"S&T Bancorp, Inc.",1.66B,1.44,0.0325,0.40149999999999997,0.044800000000000006,Quarterly,13.0,38.0,0.0441,0.045599999999999995,SCHD,0.0375,0.041899181323711794,0.03047793527648219,0.055746723007446645,0.040272661528142524,0.025595636681320134,0.08072215218176372,Financial Services,Banks - Regional,0.0,0.0,9.44,-0.13333333333333328,-0.19300093992325262
GABC,"German American Bancorp, Inc.",1.65B,1.24,0.0281,0.3856,0.0727,Quarterly,13.0,34.0,0.0787,0.0863,SCHD,0.0267,0.029417726861604453,0.01904584701148437,0.04158246678739579,0.026728371123382406,0.016491321436722432,0.04158246678739579,Financial Services,Banks - Regional,0.0,0.0,12.0,0.05243445692883889,0.05131733880399735
LKFN,Lakeland Financial Corporation,1.57B,2.08,0.0333,0.5036999999999999,0.0412,Quarterly,12.0,32.0,0.0676,0.1025,SCHD,0.0266,0.02950259474032152,0.01814647838058962,0.0466285031074232,0.02857140080158905,0.01814647838058962,0.0466285031074232,Financial Services,Banks - Regional,0.0,0.0,14.29,0.2518796992481205,0.16550113280227985
WEN,The Wendy's Company,1.49B,0.56,0.0717,0.7086,-0.33,Quarterly,,23.0,0.023399999999999997,0.2084,SCHD,0.0437,0.0466178937030879,0.016183260738643575,0.09390242646522168,0.035830441269172994,0.009995845613938757,0.09390242646522168,Consumer Cyclical,Restaurants,1.62,3785.27,100.85,0.6407322654462242,1.001091738205515
TNC,Tennant Company,1.48B,1.24,0.0152,0.4106,0.0529,Quarterly,54.0,55.0,0.0508,0.0583,King,0.0134,0.014074512687523502,0.009334747613497606,0.018963028806812988,0.014203894789174698,0.009334747613497606,0.01959596519039761,Industrials,Specialty Industrial Machinery,4.53,42.6,8.49,0.1343283582089552,0.07012901923101192
SCL,Stepan Company,1.43B,1.58,0.025,0.7833,0.0265,Quarterly,58.0,58.0,0.0345,0.059699999999999996,King,0.0176,0.018595422407020626,0.009626900346659785,0.036717400488502104,0.015498057511738562,0.009318046774553591,0.036717400488502104,Basic Materials,Specialty Chemicals,0.77,57.95,3.67,0.42045454545454547,0.6131053831142685
NSP,"Insperity, Inc.",1.38B,2.40,0.0654,5.3647,0.0127,Quarterly,3.0,21.0,0.0489,0.08449999999999999,SCHD,0.0248,0.03159741128313616,0.015880450757057164,0.12819302022237325,0.026619011379350233,0.0072576918170662655,0.12819302022237325,Industrials,Staffing & Employment Services,0.55,501.15,16.04,1.6370967741935483,1.456890643607231
CRI,"Carter's, Inc.",1.37B,1.00,0.026600000000000002,0.632,-0.5156000000000001,Quarterly,,13.0,-0.19760000000000003,0.31120000000000003,SCHD,0.0166,0.04354196775369371,0.017484647641102635,0.10466578033270652,0.03359493641503726,0.011108327208233367,0.10466578033270652,Consumer Cyclical,Apparel Retail,1.54,136.29,10.52,0.602409638554217,-0.2082140096537373
UVV,Universal Corporation,1.29B,3.28,0.0635,0.9672,0.0123,Quarterly,56.0,56.0,0.0125,0.0127,King,0.0594,0.07031049548272897,0.0518150222750288,0.08938114949369354,0.07196162252667307,0.043944452662343036,0.1138684770527054,Consumer Defensive,Tobacco,0.29,73.1,6.97,0.06902356902356901,-0.11758521041596456
PFBC,Preferred Bank,1.10B,3.20,0.0355,0.293,0.0702,Quarterly,5.0,13.0,0.1588,0.18960000000000002,SCHD,0.0287,0.03331661366292423,0.021130315731409256,0.055032255959045824,0.029309146924788643,0.014609936693469657,0.055032255959045824,Financial Services,Banks - Regional,0.0,0.0,17.21,0.23693379790940755,0.21122597293936757
MSEX,Middlesex Water Company,935.05M,1.44,0.0282,0.5869,0.0526,Quarterly,53.0,56.0,0.0513,0.057699999999999994,King,0.018,0.018992025608022618,0.010297497603160505,0.029635727422884273,0.020653013652677566,0.010297497603160505,0.03497663322961307,Utilities,Utilities - Regulated Water,-1.55,85.83,9.28,0.5666666666666668,0.3654181648373627
CPF,Central Pacific Financial Corp.,922.06M,1.16,0.0338,0.3881,0.0571,Quarterly,1.0,14.0,0.022000000000000002,0.0383,SCHD,0.044,0.04963778026996373,0.03243556442496945,0.08729389255201982,0.047220827307736454,0.02724858380894306,0.1411958581334904,Financial Services,Banks - Regional,0.0,0.0,13.7,-0.23181818181818184,-0.28421415025775393
VRTS,"Virtus Investment Partners, Inc.",916.98M,9.60,0.0707,0.4657,0.12050000000000001,Quarterly,8.0,13.0,0.1386,0.2556,SCHD,0.0319,0.03696966575236745,0.011711166154035245,0.07071302584294528,0.030684199834724615,0.011711166154035245,0.07071302584294528,Financial Services,Asset Management,0.0,47.4,13.39,1.2163009404388716,1.3041174409244463
THFF,First Financial Corporation,800.29M,2.24,0.0333,0.3129,0.12369999999999999,Quarterly,36.0,44.0,0.1775,0.1454,SCHD,0.0293,0.05503636103212276,0.03140284593740685,0.10426478425234686,0.0603106876434131,0.03140284593740685,0.17164326019876108,Financial Services,Banks - Regional,0.0,0.0,13.2,0.13651877133105814,-0.44785905614463845
AMSF,"AMERISAFE, Inc.",713.77M,2.56,0.0678,0.9845999999999999,-0.4286,Quarterly,,13.0,-0.2139,-0.1106,SCHD,0.0265,0.09104587875024968,0.02534752860371334,0.44526099225629207,0.09776091205331106,0.02153056366934211,0.5548332433532006,Financial Services,Insurance - Specialty,2.06,0.0,16.95,1.558490566037736,-0.30647128207000307
ETD,Ethan Allen Interiors Inc.,626.23M,1.81,0.0736,1.0522,-0.0765,Quarterly,,31.0,0.005600000000000001,0.20579999999999998,SCHD,0.0479,0.09157783076947562,0.044094331902596644,0.23458949869161794,0.08526356363263643,0.031064882114228122,0.4123924549166671,Consumer Cyclical,"Furnishings, Fixtures & Appliances",0.0,25.34,9.21,0.5365344467640919,-0.13679423115470107
OXM,"Oxford Industries, Inc.",590.04M,2.76,0.0696,,0.029900000000000003,Quarterly,5.0,56.0,0.0785,0.22510000000000002,SCHD,0.03,0.03378026081005365,0.012515910824899282,0.08838305600229558,0.028387300620243198,0.012515910824899282,0.08838305600229558,Consumer Cyclical,Apparel Manufacturing,0.3,107.23,-0.51,1.3199999999999998,1.4518005755844117
KFRC,Kforce Inc.,584.23M,1.60,0.0472,0.8014,0.026099999999999998,Quarterly,8.0,15.0,0.0761,0.136,SCHD,0.0242,0.026632351170820242,0.014423507306142717,0.06441467876902479,0.026385248234559525,0.013308286827686464,0.06441467876902479,Industrials,Staffing & Employment Services,0.0,55.97,24.94,0.9504132231404959,0.788878375537783
CMA,CMA (Premium Stock),,,0.0,0.0,0.0,,0.0,0.0,0.0,0.0,SCHD,0.0445,0.050543366242043496,0.02880616802405252,0.10478832901095592,0.046495395735238386,0.016750690053915687,0.1379417662048983,Financial Services,Banks - Regional,0.0,0.0,10.15,-1.0,-1.0
CDUAF,CDUAF (Premium Stock),,,0.0,0.0,0.0,,0.0,0.0,0.0,0.0,King,0.051,0.05721207991207026,0.04063453476518315,0.07313468589160678,0.05758597797208002,0.006450998878770308,0.09284224908588902,Utilities,Utilities - Diversified,-1.91,168.45,8.73,-1.0,-1.0
CWENA,CWENA (Premium Stock),,,0.0,0.0,0.0,,0.0,0.0,0.0,0.0,SCHD,0.0,0.0,0.0,0.0,0.0,0.0,0.0,,,0.0,0.0,0.0,0.0,0.0
FMCB,FMCB (Premium Stock),,,0.0,0.0,0.0,,0.0,0.0,0.0,0.0,King,0.0174,0.035024238553053186,0.017075232459847843,0.043441332724089385,0.028971808454176958,0.0,0.05059443131547979,Financial Services,Banks - Regional,0.0,0.0,15.36,-1.0,-1.0
LANC,LANC (Premium Stock),,,0.0,0.0,0.0,,0.0,0.0,0.0,0.0,King,0.0,0.0,0.0,0.0,0.0,0.0,0.0,,,0.0,0.0,0.0,0.0,0.0
CMCSA,Comcast Corporation,113.73B,1.32,0.0418,0.24489999999999998,0.047599999999999996,Quarterly,6.0,19.0,0.06269999999999999,0.0703,Others,0.0282,0.031214246311159027,0.018356184024303723,0.050471381259500306,0.027080762362033505,0.018021381310047022,0.050471381259500306,Communication Services,Telecom Services,1.18,107.86,21.41,0.4822695035460992,0.5435311399727234
PRU,"Prudential Financial, Inc.",35.56B,5.60,0.0548,0.5455,0.0381,Quarterly,17.0,25.0,0.039599999999999996,0.0414,Others,0.0472,0.05423775529678055,0.04223314401441979,0.07424109505615208,0.05638389372598374,0.034925952355194204,0.15018174860549816,Financial Services,Insurance - Life,0.0,115.95,10.88,0.16101694915254244,-0.02809124417127343
VICI,VICI Properties Inc.,31.06B,1.80,0.061900000000000004,0.6709,0.041299999999999996,Quarterly,8.0,8.0,0.048799999999999996,0.06509999999999999,Others,0.0503,0.05887401511054624,0.04892447887691038,0.06929563796882565,0.0,0.0,0.0,Real Estate,REIT - Diversified,0.68,62.92,10.36,0.23061630218687887,0.0
HPQ,HP Inc.,17.84B,1.20,0.061799999999999994,0.4448,0.0432,Quarterly,9.0,56.0,0.04769999999999999,0.09759999999999999,Others,0.0338,0.03764955169473671,0.023968050100338294,0.06315789473684211,0.03955811928396321,0.023968050100338294,0.0765524762472494,Technology,Computer Hardware,2.17,0.0,0.0,0.8284023668639053,0.562258295354643
MGA,Magna International Inc.,15.33B,1.94,0.0356,0.532,0.021099999999999997,Quarterly,16.0,34.0,0.023399999999999997,0.0354,Others,0.0342,0.03707768713618794,0.019278030226588246,0.06449420662964907,0.03522932231395785,0.019278030226588246,0.07944930506312438,Consumer Cyclical,Auto Parts,3.1,57.81,8.7,0.04093567251461984,0.010521851165308509
AEG,Aegon Ltd.,12.01B,0.38,0.047400000000000005,0.4017,0.264,Semi-Annual,5.0,14.0,0.5086999999999999,0.43310000000000004,Others,0.0433,0.10612276389564261,0.07029406013465123,0.14212490248182288,0.14281009211143897,0.07029406013465123,0.45442899502733863,Financial Services,Insurance - Diversified,3.66,45.46,14.95,0.09468822170900708,-0.6680906839342112
AES,The AES Corporation,11.44B,0.70,0.0438,0.48090000000000005,0.0149,Quarterly,13.0,15.0,0.0322,0.0393,Others,0.0367,0.04087730830157665,0.0249334217848341,0.07594665156644871,0.045358561669348096,0.024797369083422716,0.07594665156644871,Utilities,Utilities - Diversified,-7.4,302.9,5.11,0.19346049046321512,-0.034360914720127145
WTRG,"Essential Utilities, Inc.",10.43B,1.37,0.037200000000000004,0.5643,0.054299999999999994,Quarterly,33.0,56.0,0.0622,0.0653,Others,0.0283,0.031258152007342256,0.022630914202081708,0.041085501276101305,0.02980295939656131,0.020519242571869094,0.041085501276101305,Utilities,Utilities - Regulated Water,-1.75,117.02,10.29,0.3144876325088341,0.2481981908243707
CWEN.A,"Clearway Energy, Inc.",7.45B,1.81,0.0496,0.7559,0.06849999999999999,Quarterly,6.0,13.0,0.0669,0.08710000000000001,Others,0.0,0.0,0.0,0.0,0.0,0.0,0.0,,,0.0,0.0,0.0,0.0,0.0
OTEX,Open Text Corporation,6.35B,1.10,0.0434,0.6431,0.0482,Quarterly,13.0,14.0,0.0461,0.07690000000000001,Others,0.0267,0.029338366227344637,0.01663579354652331,0.04826678173806238,0.024286993548271626,0.01616279372125784,0.04826678173806238,Technology,Software - Application,3.84,163.02,10.55,0.6254681647940075,0.7869646942401624
AUB,Atlantic Union Bankshares Corporation,5.92B,1.48,0.0354,0.6995,0.0758,Quarterly,15.0,33.0,0.0637,0.0726,Others,0.0351,0.03919012104547311,0.02825418244762375,0.0589920518153894,0.03774879793909465,0.025758059184322325,0.06319933874837372,Financial Services,Banks - Regional,0.0,0.0,6.72,0.008547008547008595,-0.062221794264397216
POR,Portland General Electric Company,5.69B,2.10,0.0415,0.7476999999999999,0.0506,Quarterly,20.0,20.0,0.0466,0.0524,Others,0.0399,0.04509974108746966,0.035539121689151486,0.054180672150071774,0.0432891278150189,0.03153909158437268,0.057792585843269226,Utilities,Utilities - Regulated Electric,-2.12,136.25,7.99,0.040100250626566525,-0.041329726546215466
NJR,New Jersey Resources Corporation,5.22B,1.90,0.036699999999999997,0.5799,0.0593,Quarterly,30.0,56.0,0.0695,0.07440000000000001,Others,0.0352,0.039648531810398596,0.03126702735401865,0.048931206146438776,0.03843916980042111,0.029057236556195683,0.06299164325623004,Utilities,Utilities - Regulated Gas,-1.47,0.0,13.66,0.0426136363636362,-0.04524472847491252
SON,Sonoco Products Company,5.01B,2.12,0.0418,0.3348,0.019299999999999998,Quarterly,45.0,55.0,0.024900000000000002,0.0393,Others,0.0359,0.03977923241672187,0.03080926865243337,0.05469786346313102,0.03935762319423739,0.03080926865243337,0.05582245473478719,Consumer Cyclical,Packaging & Containers,2.07,164.29,6.35,0.16434540389972133,0.06205600357798562
HRB,"H&R Block, Inc.",4.15B,1.68,0.0513,0.35590000000000005,0.1315,Quarterly,10.0,56.0,0.1277,0.0947,Others,0.0322,0.036182826607912756,0.020080227717407077,0.06619868303039593,0.04628233868801178,0.020080227717407077,0.10803227379348236,Consumer Cyclical,Personal Services,1.98,0.0,0.0,0.593167701863354,0.10841416951317356
WD,"Walker & Dunlop, Inc.",2.14B,2.68,0.042699999999999995,0.7959999999999999,0.0308,Quarterly,8.0,8.0,0.0332,0.1115,Others,0.026,0.02866167225647333,0.014497610756759973,0.045640326026681055,0.022043544624775712,0.0,0.06764763986953873,Financial Services,Mortgage Finance,0.0,171.56,6.31,0.6423076923076921,0.9370750361086475
VAC,Marriott Vacations Worldwide Corporation,1.90B,3.20,0.0583,0.6926000000000001,0.0326,Quarterly,5.0,12.0,0.0576,0.42469999999999997,Others,0.0152,0.03042073795191436,0.013131349524468055,0.07042083240884078,0.02536755575680549,0.011747878940908042,0.07042083240884078,Consumer Cyclical,Resorts & Casinos,2.21,232.82,7.08,2.8355263157894735,1.2982111701620898
AGM.A,Federal Agricultural Mortgage Corporation,1.89B,6.00,0.045700000000000005,0.3419,0.07139999999999999,Quarterly,14.0,22.0,0.1495,0.1284,Others,0.0,0.0,0.0,0.0,0.0,0.0,0.0,,,0.0,0.0,0.0,0.0,0.0
WABC,Westamerica Bancorporation,1.28B,1.84,0.0354,0.4071,0.0455,Quarterly,33.0,52.0,0.0308,0.0233,Others,0.0331,0.03650303708709339,0.029232099106078067,0.05040660117575975,0.03610377240885249,0.029232099106078067,0.050732204510964045,Financial Services,Banks - Regional,0.0,0.0,12.74,0.06948640483383697,-0.019493043576796144
UTL,Unitil Corporation,909.71M,1.90,0.0374,0.6403,0.057999999999999996,Quarterly,11.0,42.0,0.050300000000000004,0.0393,Others,0.0315,0.03447869160449987,0.028385792937539952,0.04223366988792136,0.036640299431709225,0.0279121232637797,0.054056851829283256,Utilities,Utilities - Diversified,0.0,133.17,9.05,0.18730158730158739,0.020734016371965508
SSTK,"Shutterstock, Inc.",647.18M,1.44,0.079,0.7833,0.1,Quarterly,5.0,6.0,0.10060000000000001,0.12890000000000001,Others,0.0278,0.03108789793885042,0.007658999190904348,0.09546596237671374,0.07030221896294732,0.0,0.433153064482116,Communication Services,Internet Content & Information,1.91,51.57,10.76,1.841726618705036,0.12371986496808635
PFIS,Peoples Financial Services Corp.,551.90M,2.50,0.0453,0.4213,0.095,Quarterly,9.0,25.0,0.15689999999999998,0.1131,Others,0.0379,0.04322144530049908,0.03168985427822902,0.06306320548570699,0.04227349907133047,0.03168985427822902,0.06306320548570699,Financial Services,Banks - Regional,0.0,0.0,11.97,0.19525065963060675,0.07159333850180571
COFS,"ChoiceOne Financial Services, Inc.",446.73M,1.16,0.039,0.5622,0.036699999999999997,Quarterly,5.0,32.0,0.0347,0.0611,Others,0.039,0.04408710460685027,0.02996985923618628,0.06965708298603875,0.04346555027210251,0.0294434999199383,0.14112473374899417,Financial Services,Banks - Regional,0.0,0.0,7.76,0.0,-0.10273769097934637
ARTNA,Artesian Resources Corporation,340.85M,1.25,0.038,0.5640999999999999,0.0404,Quarterly,32.0,33.0,0.0371,0.0395,Others,0.0283,0.03057670111627613,0.01969363940936673,0.042131627322672366,0.03205510768788635,0.01969363940936673,0.045648152489511526,Utilities,Utilities - Regulated Water,-1.3,71.39,9.25,0.3427561837455831,0.1854585038365111
PCB,PCB Bancorp,330.82M,0.88,0.0375,0.3178,0.1081,Quarterly,7.0,11.0,0.1097,0.15439999999999998,Others,0.034,0.03889085901630444,0.022022916034398203,0.05960894590484672,0.0,0.0,0.0,Financial Services,Banks - Regional,0.0,0.0,9.94,0.10294117647058812,0.0
FDBC,"Fidelity D & D Bancorp, Inc.",273.83M,1.72,0.0362,0.34159999999999996,0.0641,Quarterly,11.0,32.0,0.0635,0.07429999999999999,Others,0.03,0.03320665218288214,0.020493852029412066,0.04397460519558894,0.0316520374381371,0.015772623933416323,0.06211607032697267,Financial Services,Banks - Regional,0.0,0.0,12.73,0.2066666666666668,0.14368624992156523
RGCO,"RGC Resources, Inc.",224.50M,0.87,0.0401,0.6712,0.04019999999999999,Quarterly,12.0,33.0,0.0239,0.0342,Others,0.0371,0.041316754573461255,0.033841699368764966,0.056073832771090786,0.037860727133614734,0.024537684986605773,0.056073832771090786,Utilities,Utilities - Regulated Gas,0.0,118.52,11.3,0.08086253369272225,0.05914500422780098
UBCP,"United Bancorp, Inc.",82.21M,0.94,0.06559999999999999,0.6866,0.076,Quarterly,6.0,33.0,0.054299999999999994,0.0655,Others,0.0474,0.06864794599710701,0.04211583565826109,0.13430949442568657,0.06816441737606066,0.04211583565826109,0.13430949442568657,Financial Services,Banks - Regional,0.0,0.0,11.93,0.3839662447257383,-0.03762105618702598
