Symbol,Company Name,Market Cap,Div. ($),Div. Yield,Payout Ratio,Div. Growth,Payout Freq.,Div. Gr. Years,Div. Years,Div. Growth 3Y,Div. Growth 5Y,Category,fiveYearAvgDivdendYield,Trainling_5Y_avg_dividend_yield,Trainling_5Y_min_dividend_yield,Trainling_5Y_max_dividend_yield,Trainling_10Y_avg_dividend_yield,Trainling_10Y_min_dividend_yield,Trainling_10Y_max_dividend_yield,Sector,Industry,FCF_Dividend_Ratio,Debt_to_Equity,ROE,EPS_Growth,Revenue_Growth,Trailing_EPS,Five_y_DividendYield_diff,Ten_y_DividendYield_diff
WMT,Walmart Inc.,862.40B,0.99,0.0091,0.35869999999999996,0.053200000000000004,Quarterly,53.0,54.0,0.09210000000000002,0.061900000000000004,Aristocrat+King,0.0123,0.015119868737516215,0.00804676709712614,0.02464314285804462,0.020631915489330906,0.00804676709712614,0.04200098319232948,Consumer Defensive,Discount Stores,1.99,71.65,22.31,-0.091,0.059,2.76,-0.26016260162601623,-0.5589357660608024
XOM,ExxonMobil Holdings Corporation,668.10B,4.12,0.0254,0.5312,0.0404,Quarterly,45.0,56.0,0.042199999999999994,0.034300000000000004,Aristocrat,0.037,0.03889251631365343,0.023874489636460744,0.07049766299908124,0.05629237937098425,0.023874489636460744,0.14701974504693738,Energy,Oil & Gas Integrated,1.37,15.92,12.58,1.128,0.441,7.77,-0.31351351351351353,-0.5487843952623477
JNJ,Johnson & Johnson,656.00B,5.36,0.0197,0.6213000000000001,0.0394,Quarterly,64.0,64.0,0.044000000000000004,0.049800000000000004,Aristocrat+King,0.0275,0.0342857697290982,0.021144589440474412,0.044200117217718084,0.03536632925529008,0.021144589440474412,0.05055123672128047,Healthcare,Drug Manufacturers - General,1.56,57.71,25.74,-0.009,0.066,8.62,-0.2836363636363637,-0.4429730080892328
ABBV,AbbVie Inc.,470.57B,6.92,0.026000000000000002,1.955,0.054900000000000004,Quarterly,54.0,54.0,0.053399999999999996,0.0588,Aristocrat+King+SCHD,0.0352,0.041522786229807596,0.025628517823639774,0.06027748671001708,0.05044640662303284,0.025628517823639774,0.09343066583114437,Healthcare,Drug Manufacturers - General,1.53,,,2.904,0.102,3.55,-0.26136363636363635,-0.4846015456702735
CSCO,"Cisco Systems, Inc.",420.99B,1.68,0.015700000000000002,0.5045000000000001,0.0245,Quarterly,14.0,16.0,0.0252,0.0258,SCHD,0.0279,0.03128002128890828,0.013400064875721483,0.04558044960775118,0.035523915070774,0.013400064875721483,0.06291337591935264,Technology,Communication Equipment,1.95,62.02,27.32,0.521,0.176,3.33,-0.4372759856630824,-0.5580442085642581
CVX,Chevron Corporation,404.80B,7.12,0.0345,0.6838,0.0429,Quarterly,39.0,56.0,0.0582,0.0603,Aristocrat+SCHD,0.0395,0.045650464668883575,0.03237360454463443,0.06335625572508422,0.05463300637000129,0.03237360454463443,0.1190194889976884,Energy,Oil & Gas Integrated,1.3,18.96,12.23,3.219,0.535,10.39,-0.12658227848101258,-0.3685136094040071
CAT,Caterpillar Inc.,376.72B,6.52,0.008,0.281,0.0732,Quarterly,33.0,56.0,0.0793,0.0796,Aristocrat,0.0172,0.019031732464148677,0.007008939871200807,0.03455165163778752,0.026187257713522472,0.007008939871200807,0.059272911201993135,Industrials,Farm & Heavy Construction Machinery,2.71,232.78,56.97,0.682,0.24,23.25,-0.5348837209302325,-0.6945079134471956
KO,The Coca-Cola Company,375.33B,2.12,0.024300000000000002,0.6371,0.042199999999999994,Quarterly,64.0,64.0,0.0489,0.046900000000000004,Aristocrat+King+SCHD,0.0286,0.032332677225761344,0.022746078023045953,0.04703653944327426,0.03742977967452011,0.022746078023045953,0.05459946539917052,Consumer Defensive,Beverages - Non-Alcoholic,0.6,115.52,42.05,0.169,0.067,3.33,-0.15034965034965028,-0.3507843163570117
MRK,"Merck & Co., Inc.",366.99B,3.40,0.0229,2.6712000000000002,0.049400000000000006,Quarterly,15.0,56.0,0.052000000000000005,0.055099999999999996,SCHD,0.0297,0.03398983966511347,0.022529984212396353,0.053192651785642,0.036390021346503675,0.022529984212396353,0.053192651785642,Healthcare,Drug Manufacturers - General,1.51,128.41,6.96,,0.051,1.25,-0.22895622895622897,-0.37070660712321307
PG,The Procter & Gamble Company,346.05B,4.36,0.0292,0.6576000000000001,0.0397,Quarterly,70.0,70.0,0.05,0.0526,Aristocrat+King,0.025,0.031034267668296957,0.023128280084089577,0.03980479122206483,0.03489057172140729,0.023128280084089577,0.053708015100414314,Consumer Defensive,Household & Personal Products,1.48,64.49,30.29,-0.155,0.015,6.62,0.16799999999999995,-0.16309769203110566
HD,"The Home Depot, Inc.",289.14B,9.32,0.0322,0.6520999999999999,0.015300000000000001,Quarterly,16.0,40.0,0.0438,0.0757,SCHD,0.0241,0.030168004942158027,0.02166568947505925,0.03999724070615595,0.029711391774469808,0.021316810170165786,0.053523070696914594,Consumer Cyclical,Home Improvement Retail,1.38,380.26,104.3,0.046,0.057,14.28,0.33609958506224064,0.08375939587147126
TXN,Texas Instruments Incorporated,254.53B,6.08,0.0218,0.9236,0.0509,Quarterly,22.0,56.0,0.0481,0.0654,SCHD,0.0271,0.031299810905441025,0.01700004440264913,0.046954779526224844,0.03135354736858452,0.01700004440264913,0.046954779526224844,Technology,Semiconductors,0.52,78.04,35.18,0.518,0.228,6.59,-0.19557195571955718,-0.304703874693201
AMGN,Amgen Inc.,226.15B,10.08,0.0241,0.6263000000000001,0.058600000000000006,Quarterly,15.0,16.0,0.060700000000000004,0.0764,SCHD,0.0307,0.03363412841356761,0.02527788822822102,0.04189915027976984,0.03479597993384153,0.02527788822822102,0.04949124071911163,Healthcare,Drug Manufacturers - General,1.58,490.28,91.47,0.649,0.095,16.09,-0.2149837133550489,-0.3073912547994931
LIN,Linde plc,217.54B,6.40,0.013600000000000001,0.413,0.0696,Quarterly,33.0,35.0,0.08039999999999999,0.0874,Aristocrat,0.013,0.014216195872140295,0.011205858485643257,0.022454391076074595,0.01854741634338519,0.011205858485643257,0.03258926652994545,Basic Materials,Specialty Chemicals,1.81,68.95,18.4,0.113,0.093,15.51,0.046153846153846274,-0.26674423282408555
IBM,International Business Machines Corporation,208.01B,6.76,0.030600000000000002,0.5999,0.006,Quarterly,30.0,56.0,0.006,0.006,Aristocrat,0.0382,0.04390142021589973,0.02336858734321651,0.07560509901477691,0.05410689989424305,0.02336858734321651,0.09921070026337797,Technology,Information Technology Services,1.83,188.97,34.46,-0.018,0.011,11.25,-0.19895287958115174,-0.4344529060099444
VZ,Verizon Communications Inc.,194.09B,2.83,0.060599999999999994,0.7373000000000001,0.0331,Quarterly,21.0,43.0,0.0236,0.022000000000000002,SCHD,0.062,0.07840044535162823,0.05434402251776095,0.11700413966066661,0.07472421117856506,0.05434402251776095,0.11700413966066661,Communication Services,Telecom Services,1.71,184.08,15.84,-0.22,-0.007,3.84,-0.02258064516129041,-0.18901786925275238
PEP,"PepsiCo, Inc.",175.28B,5.92,0.0461,0.7757999999999999,0.045,Quarterly,54.0,56.0,0.0632,0.06709999999999999,Aristocrat+King+SCHD,0.0303,0.04037221632563077,0.031278363388520254,0.05641045918300522,0.041098416924748936,0.031278363388520254,0.05641045918300522,Consumer Defensive,Beverages - Non-Alcoholic,1.0,238.95,51.51,1.37,0.064,7.63,0.5214521452145215,0.12169770637173077
ABT,Abbott Laboratories,174.66B,2.52,0.025,0.8154,0.0678,Quarterly,54.0,56.0,0.073,0.0696,Aristocrat+King,0.0187,0.02132115286124215,0.013970080658656106,0.029765053742925568,0.02108523084196231,0.013248825616155124,0.038584089521045715,Healthcare,Medical Devices,1.8,63.21,10.58,-0.475,0.13,3.09,0.3368983957219251,0.1856640407392079
MCD,McDonald's Corporation,165.12B,7.72,0.0331,0.6271,0.047400000000000005,Quarterly,51.0,51.0,0.0643,0.0742,Aristocrat,0.0224,0.02515665186494335,0.02114342038220812,0.03942501940268851,0.028150745174436307,0.02114342038220812,0.04094147355195222,Consumer Cyclical,Restaurants,1.4,,,0.057,0.037,12.32,0.47767857142857134,0.17581256889988509
NEE,"NextEra Energy, Inc.",157.60B,2.49,0.033,0.5602,0.1001,Quarterly,30.0,56.0,0.10060000000000001,0.1011,Aristocrat,0.0255,0.03108113225613652,0.020485539811359,0.04666054416619906,0.030900993360434295,0.019577101896402504,0.048219043759273876,Utilities,Utilities - Regulated Electric,0.69,161.68,11.68,0.531,0.124,4.45,0.29411764705882365,0.06792683377788364
COP,ConocoPhillips,151.24B,3.36,0.026699999999999998,0.4464,0.07690000000000001,Quarterly,1.0,56.0,-0.051699999999999996,0.1433,SCHD,0.0247,0.03895913045663823,0.02169137387738092,0.0661760353835873,0.03833871691970174,0.018319226986899,0.08083736296805126,Energy,Oil & Gas E&P,1.81,35.64,14.18,1.07,0.355,7.56,0.08097165991902827,-0.3035760676101491
BMY,Bristol-Myers Squibb Company,130.40B,2.52,0.0395,0.5547,0.0161,Quarterly,19.0,56.0,0.0339,0.051500000000000004,SCHD,0.0402,0.05079948474389445,0.030854528693884626,0.08092279513906754,0.04711404772368407,0.030854528693884626,0.08092279513906754,Healthcare,Drug Manufacturers - General,2.55,201.86,46.6,1.531,0.057,4.54,-0.017412935323383064,-0.16160886384331002
CB,Chubb Limited,127.64B,4.08,0.0123,0.1444,0.058499999999999996,Quarterly,34.0,34.0,0.055999999999999994,0.0472,Aristocrat,0.0143,0.01707581299794315,0.008167652944002903,0.02441587829470688,0.022263089474301657,0.008167652944002903,0.0436469300244536,Financial Services,Insurance - Property & Casualty,8.52,30.94,14.82,-0.007,0.061,28.24,-0.13986013986013987,-0.44751603257050543
PH,Parker-Hannifin Corporation,122.14B,8.00,0.0083,0.2809,0.1079,Quarterly,70.0,70.0,0.1058,0.1475,King,0.0121,0.013713433298081883,0.00829241620412312,0.02195703003672013,0.016956027417063278,0.00829241620412312,0.04785229994864086,Industrials,Specialty Industrial Machinery,4.17,56.66,25.08,0.193,0.098,28.47,-0.31404958677685946,-0.5104985504064766
LMT,Lockheed Martin Corporation,119.50B,13.80,0.026600000000000002,0.5085000000000001,0.0455,Quarterly,23.0,43.0,0.04769999999999999,0.0582,SCHD,0.0263,0.029648739438973122,0.021622103986116668,0.040755323995557494,0.031133522714517557,0.021622103986116668,0.043523345144199935,Industrials,Aerospace & Defense,2.21,234.24,89.17,4.438,0.105,27.12,0.011406844106463941,-0.14561547551455117
SPGI,S&P Global Inc.,116.74B,3.88,0.0098,0.23629999999999998,0.021099999999999997,Quarterly,53.0,56.0,0.0292,0.0537,Aristocrat+King,0.0082,0.00909434998803726,0.00655662284197141,0.012466138879734594,0.009700905316426736,0.00655662284197141,0.014628095770676497,Financial Services,Financial Data & Stock Exchanges,4.66,42.98,14.26,0.177,0.104,16.41,0.19512195121951206,0.010214993378552431
MO,"Altria Group, Inc.",115.47B,4.44,0.0641,0.9355,0.041299999999999996,Quarterly,57.0,57.0,0.041299999999999996,0.042699999999999995,King+SCHD,0.0759,0.0997534524180119,0.058093797276853355,0.1467925793062311,0.10135238632827445,0.058093797276853355,0.176840488491661,Consumer Defensive,Tobacco,1.3,,,-0.027,0.012,4.75,-0.1554677206851119,-0.36755312507015026
MDT,Medtronic plc,114.40B,2.88,0.0322,0.7094,0.014199999999999999,Quarterly,50.0,50.0,0.0144,0.034,Aristocrat,0.0308,0.03963608903870863,0.026138925176373323,0.05434396721077161,0.03353053689680025,0.017055139104606144,0.05434396721077161,Healthcare,Medical Devices,1.49,55.37,10.65,0.407,0.137,4.06,0.0454545454545454,-0.039681347808278686
VLO,Valero Energy Corporation,112.01B,4.80,0.0123,0.2006,0.0605,Quarterly,3.0,38.0,0.054000000000000006,0.0383,SCHD,0.0316,0.037360245865397455,0.011445025198342474,0.06925839117421713,0.052260122573149444,0.011445025198342474,0.17989694377203116,Energy,Oil & Gas Refining & Marketing,3.58,40.15,27.64,4.535,0.517,23.97,-0.6107594936708861,-0.7646388987552897
LOW,"Lowe's Companies, Inc.",105.21B,5.00,0.026699999999999998,0.4227,0.0426,Quarterly,54.0,56.0,0.044500000000000005,0.1184,Aristocrat+King,0.0179,0.021956098530021635,0.014278917010728554,0.032234862022529204,0.02209609010046992,0.014278917010728554,0.04528234095109776,Consumer Cyclical,Home Improvement Retail,2.9,,,,0.083,11.83,0.49162011173184356,0.20835857740425157
ADP,"Automatic Data Processing, Inc.",103.66B,6.80,0.026000000000000002,0.6215999999999999,0.1039,Quarterly,51.0,53.0,0.1079,0.1282,Aristocrat+King,0.0204,0.026347206223515777,0.01870343781618185,0.04307730386891026,0.02702039742963535,0.01870343781618185,0.04307730386891026,Technology,Software - Application,1.82,91.44,72.24,0.098,0.068,10.94,0.27450980392156865,-0.03776396821299893
GD,General Dynamics Corporation,90.22B,6.36,0.0191,0.38789999999999997,0.0591,Quarterly,35.0,48.0,0.063,0.060700000000000004,Aristocrat,0.0202,0.024490508813131556,0.01837314112381314,0.03370986351855736,0.02658895075523747,0.01768138192325061,0.05450585833372967,Industrials,Aerospace & Defense,2.49,35.34,17.8,0.134,0.081,16.4,-0.05445544554455447,-0.2816564980008586
EMR,Emerson Electric Co.,88.90B,2.22,0.0139,0.48560000000000003,0.0521,Quarterly,69.0,69.0,0.022000000000000002,0.0191,Aristocrat+King,0.0199,0.024271420015902174,0.01437261878678478,0.03789007315202882,0.03228433068366772,0.01437261878678478,0.07450502500911613,Industrials,Specialty Industrial Machinery,2.24,67.68,12.8,0.23,0.07,4.57,-0.3015075376884423,-0.569450575382941
SHW,The Sherwin-Williams Company,80.37B,3.20,0.0096,0.2952,0.034,Quarterly,49.0,49.0,0.09720000000000001,0.0876,Aristocrat,0.0087,0.010597300714612276,0.006526349524213896,0.014950811356752558,0.010512059494285488,0.006526349524213896,0.014950811356752558,Basic Materials,Specialty Chemicals,3.36,389.96,65.12,0.143,0.075,10.83,0.10344827586206895,-0.08676315947234679
UPS,"United Parcel Service, Inc.",80.27B,6.56,0.0696,1.2195,0.0015,Quarterly,16.0,28.0,0.009300000000000001,0.1002,SCHD,0.0434,0.059738713688915014,0.022157137111015024,0.10556196933809586,0.053039091611979165,0.022157137111015024,0.10556196933809586,Industrials,Integrated Freight & Logistics,0.88,189.9,29.6,-0.53,0.076,5.38,0.6036866359447003,0.3122396686047402
CTAS,Cintas Corporation,80.07B,2.08,0.0104,0.3688,0.1543,Quarterly,45.0,45.0,0.1594,0.04650000000000001,Aristocrat,0.0088,0.009367773461960726,0.0063234938089239915,0.01640484185612997,0.013106603377417429,0.0063234938089239915,0.031220443345672422,Industrials,Specialty Business Services,2.68,52.1,41.38,0.133,0.109,5.08,0.18181818181818168,-0.20650684998074212
ECL,Ecolab Inc.,78.69B,2.92,0.0104,0.3918,0.1231,Quarterly,40.0,56.0,0.11259999999999999,0.0875,Aristocrat,0.0106,0.012483426376143055,0.008904480484847039,0.01777043527373626,0.01260148627478118,0.008904480484847039,0.01986083628852879,Basic Materials,Specialty Chemicals,2.53,138.02,21.96,0.033,0.097,7.46,-0.018867924528301935,-0.17470052553935025
ITW,Illinois Tool Works Inc.,77.96B,6.88,0.025099999999999997,0.623,0.07200000000000001,Quarterly,56.0,56.0,0.0711,0.07139999999999999,Aristocrat+King,0.0226,0.025136769282794066,0.02101112234300927,0.03186228806966432,0.025936871751737492,0.019639166016596057,0.041803379373950206,Industrials,Specialty Industrial Machinery,1.52,334.85,104.62,0.101,0.061,11.03,0.11061946902654862,-0.032265716534663945
SLB,SLB N.V.,76.31B,1.18,0.0229,0.5722,0.0354,Quarterly,4.0,56.0,0.0815,0.18530000000000002,SCHD,0.0204,0.024858247871624613,0.012034117722669555,0.045376696217616044,0.04387985288484065,0.012034117722669555,0.23936067004625067,Energy,Oil & Gas Equipment & Services,2.84,47.0,12.91,-0.297,0.05,2.05,0.12254901960784306,-0.4781204016317166
EOG,"EOG Resources, Inc.",73.74B,4.08,0.0291,0.3189,0.0342,Quarterly,1.0,37.0,-0.1106,0.0933,SCHD,0.0269,0.0528865348697342,0.026538310486670394,0.11009352709018187,0.03629557248903306,0.007269808451194183,0.11009352709018187,Energy,Oil & Gas E&P,1.6,25.89,22.51,1.094,0.587,12.86,0.08178438661710039,-0.19824931790805198
TGT,Target Corporation,71.99B,4.64,0.029300000000000003,0.48119999999999996,0.0177,Quarterly,55.0,56.0,0.018000000000000002,0.078,Aristocrat+King+SCHD,0.0298,0.03983070342623473,0.016003323160718168,0.06925589497968218,0.03996347790584566,0.015008370706045292,0.07740675007688838,Consumer Defensive,Discount Stores,1.38,107.58,26.41,1.005,0.053,9.64,-0.016778523489932785,-0.2668305779334049
CL,Colgate-Palmolive Company,68.96B,2.12,0.0245,0.8365,0.024300000000000002,Quarterly,63.0,63.0,0.0338,0.0334,Aristocrat+King,0.0233,0.02715054206986503,0.018884826802487847,0.03550098134080774,0.028325264959501193,0.018884826802487847,0.042794770608474544,Consumer Defensive,Household & Personal Products,1.99,1388.16,267.37,-0.055,0.049,2.54,0.05150214592274677,-0.13504780855432305
APD,"Air Products and Chemicals, Inc.",62.09B,7.24,0.0258,,0.011200000000000002,Quarterly,51.0,56.0,0.0167,0.0433,Aristocrat,0.0245,0.027440938090166032,0.020953345125844267,0.0427114028765991,0.027510987793587103,0.0186441268155663,0.0427114028765991,Basic Materials,Specialty Chemicals,-2.38,110.09,0.02,,0.046,-0.2,0.05306122448979588,-0.06219288839879241
GWW,"W.W. Grainger, Inc.",59.13B,9.96,0.0079,0.25429999999999997,0.10210000000000001,Quarterly,55.0,56.0,0.09880000000000001,0.08560000000000001,Aristocrat+King,0.01,0.011215625529012022,0.006653021666803061,0.020932631394822137,0.01769274538223302,0.006653021666803061,0.04327913548454464,Industrials,Industrial Distribution,2.85,61.98,46.09,0.205,0.103,39.28,-0.20999999999999994,-0.5534893070957123
FAST,Fastenal Company,57.94B,0.96,0.019,0.8205,0.1294,Quarterly,27.0,34.0,0.12179999999999999,0.1199,Aristocrat+SCHD,0.0216,0.026250063346229684,0.017234838347589578,0.03825945486655592,0.0297211424530074,0.017234838347589578,0.04981084305685673,Industrials,Industrial Distribution,1.05,10.85,34.33,0.146,0.147,1.17,-0.12037037037037043,-0.3607244395116635
AFL,Aflac Incorporated,56.84B,2.44,0.0215,0.26039999999999996,0.0759,Quarterly,42.0,54.0,0.1323,0.1367,Aristocrat,0.0216,0.026303072278649624,0.01736777116507462,0.03709422249430193,0.028948970713295604,0.01736777116507462,0.06277159768626953,Financial Services,Insurance - Life,2.13,53.37,16.91,0.468,-0.01,9.27,-0.004629629629629762,-0.2573138363732726
OKE,"ONEOK, Inc.",55.92B,4.28,0.0482,0.74,0.0392,Quarterly,3.0,56.0,0.037200000000000004,0.0254,SCHD,0.0547,0.06723888920874897,0.03696828048266548,0.11409305050088277,0.09267518950990078,0.03696828048266548,0.44447636967769494,Energy,Oil & Gas Midstream,0.95,143.07,16.28,0.142,0.528,5.79,-0.11882998171846433,-0.4799039499687169
NUE,Nucor Corporation,55.51B,2.24,0.0092,0.1789,0.0182,Quarterly,53.0,54.0,0.0317,0.067,Aristocrat+King,0.0141,0.014888897452165447,0.008116765229909315,0.021492899083995903,0.024015813785170655,0.008116765229909315,0.06375030542637189,Basic Materials,Steel,-0.37,30.51,14.55,0.938,0.23,12.54,-0.3475177304964539,-0.6169190816394138
O,Realty Income Corporation,52.33B,3.25,0.0588,2.3714,0.0125,Monthly,22.0,33.0,0.0226,0.0285,Aristocrat,0.051,0.05960678515110445,0.047758497114113535,0.08357191065446191,0.061228747100175,0.045993495651862136,0.0891596769565851,Real Estate,REIT - Retail,1.37,74.72,3.23,0.692,0.096,1.37,0.15294117647058827,-0.03966677770167962
CAH,"Cardinal Health, Inc.",50.98B,2.06,0.009399999999999999,0.2854,0.01,Quarterly,1.0,44.0,0.01,0.01,Aristocrat,0.0212,0.02286622673033743,0.008241824524233094,0.04704859348663266,0.03256743591878127,0.008241824524233094,0.06867903785504552,Healthcare,Medical Distribution,9.22,,,0.688,0.058,7.22,-0.5566037735849058,-0.711368127861146
BDX,"Becton, Dickinson and Company",50.10B,4.20,0.022799999999999997,1.2609000000000001,0.0096,Quarterly,54.0,56.0,0.0489,0.0481,Aristocrat+King,0.0166,0.019239316938374877,0.013085053733141064,0.0307178449468852,0.017357924120749074,0.012139284556323997,0.0307178449468852,Healthcare,Medical Instruments & Supplies,2.23,68.84,6.61,-0.314,0.054,5.77,0.3734939759036143,0.31352112391974624
F,Ford Motor Company,49.35B,0.60,0.048499999999999995,,-0.2,Quarterly,,15.0,-0.217,0.431,SCHD,0.0576,0.07308611745551014,0.00538626506927668,0.17305074160406964,0.09410493696076794,0.00538626506927668,0.2550433384151829,Consumer Cyclical,Auto Manufacturers,4.17,456.71,-18.25,,-0.038,-1.82,-0.1579861111111112,-0.48461790033163193
FITB,Fifth Third Bancorp,46.75B,1.68,0.0326,0.5898,0.0728,Quarterly,15.0,52.0,0.0653,0.0785,SCHD,0.0358,0.041723348294960085,0.026875871785421942,0.08053812462717491,0.040599428703165415,0.024020096158941573,0.10389737821990908,Financial Services,Banks - Regional,3.27,,8.44,-0.057,0.518,2.97,-0.08938547486033524,-0.19703303614569648
ADM,Archer-Daniels-Midland Company,38.74B,2.08,0.0258,0.5699000000000001,0.0197,Quarterly,53.0,56.0,0.0576,0.0709,Aristocrat+King+SCHD,0.0274,0.03382655315422313,0.02180940581747338,0.05044044759375422,0.03773460223144247,0.02180940581747338,0.07226414614111287,Consumer Defensive,Farm Products,4.26,39.13,7.64,3.156,0.072,3.66,-0.05839416058394163,-0.31627740921296704
SYY,Sysco Corporation,38.63B,2.20,0.0281,0.6011,0.0381,Quarterly,57.0,57.0,0.0326,0.0345,Aristocrat+King,0.0259,0.03137506105147015,0.0235019499489265,0.04248972135612608,0.03188542569785672,0.02293649790940896,0.07674797183753843,Consumer Defensive,Food Distribution,1.87,564.59,77.69,0.053,0.047,3.66,0.08494208494208497,-0.11871962236687868
ED,"Consolidated Edison, Inc.",38.04B,3.55,0.0345,0.5832999999999999,0.0392,Quarterly,53.0,56.0,0.0294,0.026000000000000002,Aristocrat+King,0.0342,0.04415583683044629,0.030580708106908903,0.0639980829043796,0.049076139777718866,0.030580708106908903,0.0708280413094549,Utilities,Utilities - Regulated Electric,0.03,110.11,8.96,0.221,0.132,6.09,0.008771929824561452,-0.2970107234134295
PAYX,"Paychex, Inc.",35.33B,4.76,0.048,0.9442,0.10189999999999999,Quarterly,12.0,39.0,0.10550000000000001,0.12140000000000001,SCHD,0.0283,0.034942099032296246,0.023761384462114662,0.06338743504942608,0.03669850561324194,0.023761384462114662,0.06338743504942608,Technology,Software - Application,1.46,124.7,47.05,0.139,0.059,5.04,0.6961130742049471,0.30795516596403677
ROP,"Roper Technologies, Inc.",34.98B,3.64,0.0103,0.1531,0.10300000000000001,Quarterly,34.0,35.0,0.10060000000000001,0.10099999999999999,Aristocrat,0.0061,0.006614863179383645,0.004658284344994478,0.013410190024533405,0.006407100574383818,0.004577152354975495,0.013410190024533405,Technology,Software - Application,6.86,60.53,13.07,2.33,0.085,23.99,0.6885245901639343,0.6075914339756667
KVUE,Kenvue Inc.,34.33B,0.84,0.0471,0.9882,0.2675,Quarterly,2.0,4.0,,,Aristocrat+King,,0.04484597356307373,0.009937246830617618,0.07727320175751752,,,,Consumer Defensive,Household & Personal Products,1.09,81.62,15.58,0.085,0.03,0.85,0.05026151196731388,
HSY,The Hershey Company,33.04B,5.81,0.0353,0.7937000000000001,0.0449,Quarterly,,56.0,0.1002,0.11560000000000001,SCHD,0.024,0.029848030064028173,0.019608537058670935,0.045418175137168636,0.030288905155774204,0.019608537058670935,0.045418175137168636,Consumer Defensive,Confectioners,1.61,129.82,32.81,6.31,0.066,7.32,0.4708333333333332,0.16544324789734074
KMB,Kimberly-Clark Corporation,32.85B,5.12,0.0518,0.8737,0.02,Quarterly,54.0,56.0,0.0276,0.0258,Aristocrat+King+SCHD,0.0375,0.04933319204013654,0.03558460689014208,0.06967959877338678,0.04901690535896704,0.03558460689014208,0.06967959877338678,Consumer Defensive,Household & Personal Products,0.99,348.93,104.91,-0.323,0.006,5.06,0.38133333333333336,0.05677826090103876
FTS,Fortis Inc.,27.04B,1.85,0.0349,0.7737,0.0559,Quarterly,10.0,15.0,0.0329,0.0301,King,0.0381,0.04257925326874264,0.024839970809156005,0.05565251081308469,0.045393904643600005,0.024839970809156005,0.060795801477223535,Utilities,Utilities - Regulated Electric,-2.49,132.27,7.47,0.022,0.041,2.4,-0.083989501312336,-0.23117431130876553
HAL,Halliburton Company,27.02B,0.68,0.0209,0.3566,,Quarterly,,56.0,0.0426,0.3045,SCHD,0.0178,0.021543077106018427,0.005900229852517761,0.04379736477620824,0.02781495488782759,0.005900229852517761,0.2185742068935807,Energy,Oil & Gas Equipment & Services,2.89,74.19,14.92,0.161,0.037,1.91,0.17415730337078644,-0.24860564813835884
ATO,Atmos Energy Corporation,26.51B,4.00,0.0255,0.4743,0.1494,Quarterly,44.0,44.0,0.1056,0.0986,Aristocrat,0.0239,0.029550479504544674,0.020880647422417638,0.03995141904524104,0.0297609669783545,0.020880647422417638,0.0402998570165498,Utilities,Utilities - Regulated Gas,-2.73,67.66,9.79,0.233,0.048,8.4,0.06694560669456055,-0.1431730017863181
WST,"West Pharmaceutical Services, Inc.",26.48B,0.88,0.0023,0.1127,0.047599999999999996,Quarterly,33.0,54.0,0.0501,0.0529,Aristocrat,0.0025,0.0029536603406642094,0.0014826207187699856,0.004639557800615948,0.003993831433998942,0.0014826207187699856,0.00894874973795831,Healthcare,Medical Instruments & Supplies,7.66,10.59,19.09,0.181,0.138,7.82,-0.08000000000000003,-0.42411189906003194
DOV,Dover Corporation,25.80B,2.10,0.011000000000000001,0.2527,0.0097,Quarterly,71.0,71.0,0.0098,0.009899999999999999,Aristocrat+King,0.0125,0.013400383488006654,0.010113266582709597,0.01803785171408398,0.017934438765425248,0.010113266582709597,0.03248246249697848,Industrials,Specialty Industrial Machinery,3.93,42.32,14.91,0.141,0.069,8.27,-0.11999999999999997,-0.38665490769601024
CINF,Cincinnati Financial Corporation,24.85B,3.76,0.0232,0.17739999999999997,0.0789,Quarterly,65.0,65.0,0.0787,0.0818,Aristocrat+King+SCHD,0.0238,0.026094395073322375,0.01895868803242823,0.040459879201512186,0.03208629791366536,0.01895868803242823,0.06904939233315004,Financial Services,Insurance - Property & Casualty,5.89,5.25,21.48,0.855,0.316,21.18,-0.02521008403361358,-0.27694992852013445
EXPD,"Expeditors International of Washington, Inc.",24.52B,1.62,0.0086,0.23010000000000003,0.0533,Semi-Annual,31.0,34.0,0.0513,0.0751,Aristocrat,0.0114,0.013301647012498273,0.009019935827288245,0.020272630253775337,0.014346553137608535,0.00885104601385716,0.02845117656102475,Industrials,Integrated Freight & Logistics,4.6,26.75,42.67,0.515,0.321,6.86,-0.2456140350877193,-0.4005528772304428
ES,Eversource Energy,23.85B,3.15,0.049800000000000004,0.8158,0.0479,Quarterly,26.0,28.0,0.0537,0.0557,Aristocrat,0.0394,0.04972556441808108,0.03451722229394966,0.07228311170002827,0.04547982077123568,0.028205654292809357,0.07228311170002827,Utilities,Utilities - Regulated Electric,-0.04,180.7,9.02,-0.854,0.023,3.85,0.26395939086294434,0.0949911225572965
PPG,"PPG Industries, Inc.",23.77B,2.96,0.0277,0.4235,0.0436,Quarterly,55.0,56.0,0.045700000000000005,0.0537,Aristocrat+King,0.0207,0.024035253257337855,0.014467472758597716,0.037358039832178044,0.022017184636942317,0.014424788940898471,0.039162564599864974,Basic Materials,Specialty Chemicals,1.85,86.94,19.3,-0.015,0.072,6.97,0.3381642512077294,0.2581081758074812
RF,Regions Financial Corporation,23.21B,1.20,0.044000000000000004,0.4878,0.0788,Quarterly,13.0,56.0,0.0924,0.1151,SCHD,0.0389,0.05074017730524151,0.0342161133883589,0.08464447496232204,0.04972560363383659,0.02223947657536177,0.13194166381228217,Financial Services,Banks - Regional,2.14,,11.87,0.085,0.034,2.46,0.13110539845758373,-0.11514397444017158
CHD,"Church & Dwight Co., Inc.",22.67B,1.23,0.0129,0.395,0.0417,Quarterly,30.0,52.0,0.0408,0.0407,Aristocrat,0.0116,0.012911405335988405,0.010329245366632885,0.019221891485895704,0.014079777394904135,0.010329245366632885,0.02392429236858087,Consumer Defensive,Household & Personal Products,3.81,55.85,17.04,0.09,0.016,3.12,0.11206896551724145,-0.08379233291934926
DRI,"Darden Restaurants, Inc.",22.37B,6.48,0.0329,0.6325,0.0759,Quarterly,5.0,32.0,0.0738,0.1258,SCHD,0.0307,0.03582553467779455,0.01985315307972371,0.05555369431495425,0.03508521356058783,0.011696672491875513,0.11928188310788827,Consumer Cyclical,Restaurants,1.57,414.39,55.43,-0.067,0.051,10.44,0.0716612377850162,-0.06228303432767304
TROW,"T. Rowe Price Group, Inc.",22.15B,5.20,0.050199999999999995,0.522,0.023799999999999998,Quarterly,40.0,41.0,0.0208,0.0454,Aristocrat+SCHD,0.0429,0.05518445424029888,0.04045317385612055,0.09757069098111047,0.045825656802314575,0.024820782657059087,0.09757069098111047,Financial Services,Asset Management,1.29,3.7,19.4,0.286,0.107,9.96,0.17016317016317,0.09545620298593252
PKG,Packaging Corporation of America,20.74B,6.00,0.0254,0.7145,0.1,Quarterly,,24.0,0.0323,0.0658,SCHD,0.0282,0.03331569021701432,0.020525887576523755,0.05022961636189445,0.03499534748059909,0.020525887576523755,0.06273651409066393,Consumer Cyclical,Packaging & Containers,1.62,94.47,14.89,-0.195,0.147,7.71,-0.09929078014184399,-0.2741892328949902
BRO,"Brown & Brown, Inc.",20.16B,0.66,0.011000000000000001,0.2078,0.1,Quarterly,33.0,41.0,0.12789999999999999,0.12269999999999999,Aristocrat,0.0065,0.008041520484357911,0.004557399293556518,0.01465318883518512,0.009688236486022803,0.004557399293556518,0.018809462574483175,Financial Services,Insurance Brokers,7.16,63.98,10.02,0.071,0.324,3.13,0.6923076923076925,0.13539755309128512
AMCR,Amcor plc,19.77B,2.60,0.0608,1.0924,0.0196,Quarterly,6.0,8.0,0.02,0.0204,Aristocrat+SCHD,0.0496,0.06442148823715806,0.04790355112349327,0.09050625381441291,0.06722612752538647,0.04790355112349327,0.1074328950464454,Consumer Cyclical,Packaging & Containers,1.03,128.29,9.4,,0.259,2.38,0.22580645161290328,-0.09558973217607665
SNA,Snap-on Incorporated,19.14B,9.76,0.0264,0.4979,0.1402,Quarterly,16.0,56.0,0.1463,0.14679999999999999,SCHD,0.0246,0.027951109766371784,0.021663543975825088,0.039161495916382565,0.027916521610113255,0.019100719162361647,0.06220255749446361,Industrials,Tools & Accessories,2.18,21.59,17.93,0.051,0.042,19.6,0.07317073170731705,-0.05432344442095064
DINO,HF Sinclair Corporation,18.88B,2.10,0.019799999999999998,0.2016,0.0125,Quarterly,,39.0,0.0499,0.0766,SCHD,0.0336,0.042377341595776614,0.008179216140772478,0.08167038213360696,0.048786930188966425,0.008179216140772478,0.12214949154108215,Energy,Oil & Gas Refining & Marketing,2.11,32.26,19.5,3.502,0.532,10.49,-0.41071428571428575,-0.5941535996770312
BBY,"Best Buy Co., Inc.",18.87B,3.84,0.0426,0.6386999999999999,0.0106,Quarterly,21.0,24.0,0.0171,0.0764,SCHD,0.0452,0.0587621298490351,0.029288858834021998,0.08778736217855793,0.04754526474728747,0.024297442550517013,0.08778736217855793,Consumer Cyclical,Specialty Retail,1.57,130.1,43.13,0.701,0.036,6.01,-0.057522123893805274,-0.10401171964384966
LYB,LyondellBasell Industries N.V.,18.81B,2.76,0.047400000000000005,,-0.3653,Quarterly,12.0,16.0,-0.11,-0.0463,SCHD,0.0625,0.10710237851750418,0.059853632532499534,0.19489087283703246,0.09367412371173219,0.04905251666004981,0.2257018906140864,Basic Materials,Specialty Chemicals,0.22,132.76,-2.27,3.96,0.198,-0.83,-0.24159999999999993,-0.49399046266110513
NDSN,Nordson Corporation,18.48B,3.76,0.0113,0.3803,0.0759,Quarterly,63.0,63.0,0.0894,0.1514,Aristocrat+King,0.0108,0.01302309701501544,0.007418183985989787,0.01838735909196777,0.011944962307367992,0.007201096771612413,0.019866295775846365,Industrials,Specialty Industrial Machinery,3.69,55.62,17.76,0.23,0.103,9.87,0.046296296296296176,-0.05399450335395046
ESS,"Essex Property Trust, Inc.",18.16B,10.36,0.038,1.6118000000000001,0.0177,Quarterly,1.0,33.0,0.0424,0.0437,Aristocrat,0.035,0.040944702057731305,0.027726326052730427,0.06350899580283076,0.0399817858560794,0.027726326052730427,0.06350899580283076,Real Estate,REIT - Residential,1.43,122.41,7.71,-0.718,0.031,6.41,0.08571428571428559,-0.04956721701259532
GIS,"General Mills, Inc.",17.97B,2.44,0.0726,,0.0124,Quarterly,6.0,56.0,0.0336,0.0365,SCHD,0.0384,0.0454684477616983,0.028473977190903284,0.08702046168058182,0.0482621341044925,0.028473977190903284,0.08702046168058182,Consumer Defensive,Packaged Foods,1.24,182.42,-10.49,-0.667,-0.028,-1.64,0.8906250000000001,0.5042849088026962
GPC,Genuine Parts Company,17.71B,4.25,0.0331,,0.031200000000000002,Quarterly,70.0,70.0,0.0404,0.0545,Aristocrat+King,0.0276,0.035571110812066126,0.026105443200495106,0.05710235748706185,0.03925737433672117,0.026105443200495106,0.09238172884811642,Consumer Cyclical,Auto Parts,0.75,146.41,0.71,-0.098,0.06,0.25,0.19927536231884052,-0.15684631080794398
CF,"CF Industries Holdings, Inc.",17.46B,2.40,0.0208,0.1563,0.05,Quarterly,,22.0,0.0949,0.1184,SCHD,0.0203,0.022558383865550678,0.01200748085698533,0.035741305828918005,0.03148611658343181,0.01200748085698533,0.08280719281350418,Basic Materials,Agricultural Inputs,5.52,40.5,29.87,0.996,0.176,13.49,0.024630541871921204,-0.3393913808047993
EWBC,"East West Bancorp, Inc.",17.35B,3.20,0.0252,0.2882,0.2766,Quarterly,8.0,28.0,0.177,0.1885,SCHD,0.0238,0.02860818724985336,0.019974151864626626,0.05699401535251262,0.026340973839379906,0.013411145164836416,0.06897271460010392,Financial Services,Banks - Regional,4.5,,16.58,0.174,0.163,10.41,0.058823529411764636,-0.04331555265713614
CHRW,"C.H. Robinson Worldwide, Inc.",17.34B,2.52,0.017,0.48109999999999997,0.0161,Quarterly,28.0,30.0,0.0108,0.0432,Aristocrat,0.0228,0.02824048068478839,0.015010508499257808,0.04731206109045669,0.029900134432712094,0.015010508499257808,0.04731206109045669,Industrials,Integrated Freight & Logistics,2.8,121.19,37.12,0.238,0.193,5.24,-0.25438596491228066,-0.4314406833769538
BEN,Franklin Templeton Inc.,16.59B,1.32,0.0405,0.8976000000000001,0.0313,Quarterly,46.0,46.0,0.0323,0.0334,Aristocrat,0.048,0.057910029294289955,0.036622867856734166,0.08953159333186135,0.06625014569582235,0.026584745961041892,0.21337084329856418,Financial Services,Asset Management,1.33,24.8,7.89,1.067,0.143,1.47,-0.15625,-0.3886805896857993
OVV,Ovintiv Inc.,16.39B,1.20,0.020099999999999996,0.3471,,Quarterly,,54.0,0.0294,0.2329,SCHD,0.0225,0.02507619881757396,0.010389713434489266,0.040674612513016746,0.023819853003505077,0.005232738255562286,0.24923195324113417,Energy,Oil & Gas E&P,4.89,43.73,8.41,0.373,0.297,3.58,-0.1066666666666668,-0.1561660772196078
APA,APA Corporation,14.83B,1.00,0.0236,0.21170000000000003,,Quarterly,,56.0,,0.48710000000000003,SCHD,0.0278,0.0309357143352559,0.004238478782181102,0.07599234203453245,0.035307729927711015,0.004238478782181102,0.2928321096109692,Energy,Oil & Gas E&P,4.94,48.85,26.66,0.263,0.092,4.74,-0.15107913669064746,-0.33159112612681135
UNM,Unum Group,14.43B,2.02,0.022099999999999998,0.4768,0.0959,Quarterly,17.0,40.0,0.11630000000000001,0.10289999999999999,SCHD,0.0289,0.03659470344717788,0.020191992294522173,0.07476689125316245,0.042436988276145234,0.019871822581071674,0.13599517790097715,Financial Services,Insurance - Life,1.81,36.88,6.35,-0.162,0.003,4.31,-0.23529411764705885,-0.47922788827069296
SWK,"Stanley Black & Decker, Inc.",13.41B,3.36,0.0379,0.8220999999999999,0.012199999999999999,Quarterly,59.0,59.0,0.0123,0.0287,Aristocrat+King,0.0349,0.04447270560331903,0.017670637977640277,0.07803453635427025,0.03476580406212074,0.015310617342668703,0.07803453635427025,Industrials,Tools & Accessories,1.37,58.17,6.89,2.478,0.004,4.09,0.08595988538681956,0.09015168848903854
SWKS,"Skyworks Solutions, Inc.",13.19B,2.13,0.024300000000000002,1.1009,0.0143,-,12.0,13.0,0.0462,0.0726,SCHD,0.0292,0.034512157937009624,0.013671474860603355,0.06500113941694396,0.026368440496241992,0.011257083276667119,0.06500113941694396,Technology,Semiconductors,2.49,11.87,5.09,-0.686,-0.031,1.93,-0.1678082191780821,-0.07844379331181084
MKC,"McCormick & Company, Incorporated",13.02B,1.92,0.039599999999999996,0.3195,0.0667,Quarterly,39.0,56.0,0.0717,0.07139999999999999,Aristocrat,0.0211,0.02689609352044437,0.014843047409335773,0.048933500939634444,0.023610945800628978,0.014843047409335773,0.048933500939634444,Consumer Defensive,Packaged Foods,1.53,65.14,24.73,-0.142,0.167,6.01,0.8767772511848339,0.6771882132288441
SJM,The J. M. Smucker Company,12.89B,4.48,0.0371,2.0852,0.0184,Quarterly,30.0,56.0,0.023700000000000002,0.0368,Aristocrat,0.0338,0.042791197842853144,0.03171691528438037,0.062239950072584704,0.042347422653603126,0.03107017100802031,0.062239950072584704,Consumer Defensive,Packaged Foods,2.49,120.68,3.93,,0.05,2.14,0.0976331360946747,-0.12391362507528303
RPM,RPM International Inc.,12.80B,2.16,0.0216,0.4182,0.0588,Quarterly,53.0,54.0,0.0874,0.0728,King,0.0177,0.021056728872149738,0.013935117005533184,0.028288067051643613,0.02401574171612588,0.013935117005533184,0.03675679486953498,Basic Materials,Specialty Chemicals,2.49,89.02,21.37,-0.014,0.072,5.17,0.22033898305084748,-0.10058992741847231
ALB,Albemarle Corporation,12.65B,1.64,0.015300000000000001,3.3642000000000003,0.0031,Quarterly,31.0,33.0,0.0062,0.0088,Aristocrat,0.0118,0.014378280495727754,0.00611807551018789,0.036255677242916194,0.016292037618403796,0.00611807551018789,0.0394763485618503,Basic Materials,Specialty Chemicals,1.94,18.98,2.65,,0.311,0.27,0.2966101694915255,-0.06089094818214574
CNA,CNA Financial Corporation,12.31B,1.92,0.042199999999999994,0.4229,0.0209,Quarterly,2.0,16.0,0.10890000000000001,0.1153,SCHD,0.0377,0.10849415302599011,0.07884389354721107,0.1848282153521135,0.12961451579370825,0.07884389354721107,0.3514995791498129,Financial Services,Insurance - Property & Casualty,2.3,26.58,11.32,0.073,0.03,4.54,0.11936339522546412,-0.6744191825924449
WSO,"Watsco, Inc.",12.08B,13.20,0.042199999999999994,1.1314,0.10529999999999999,Quarterly,12.0,43.0,0.0968,0.1108,SCHD,0.0275,0.03088872097703281,0.019510083036639536,0.04974544323967199,0.03664217194976805,0.019510083036639536,0.06587915828419538,Industrials,Industrial Distribution,1.13,15.41,16.74,-0.117,0.021,11.5,0.5345454545454543,0.15167845557438706
BF.B,Brown-Forman Corporation,11.94B,0.92,0.0355,0.5959,0.0199,Quarterly,53.0,56.0,0.0398,0.051699999999999996,Aristocrat,0.0196,0.025995800007403997,0.012368524728489077,0.04629449132143073,0.023221975588099335,0.009782953740812771,0.04629449132143073,Consumer Defensive,Beverages - Wineries & Distilleries,2.09,61.5,18.12,0.057,-0.014,1.55,0.8112244897959182,0.5287243699538136
ERIE,Erie Indemnity Company,11.59B,5.85,0.0265,0.5309,0.07139999999999999,Quarterly,36.0,36.0,0.0711,0.0716,Aristocrat,0.018,0.02080229071512589,0.009524250884287188,0.043252923715325686,0.025438321875112867,0.009524250884287188,0.045427273522686155,Financial Services,Insurance Brokers,2.25,2.56,24.81,0.032,0.028,11.01,0.47222222222222227,0.041735383729294105
AFG,"American Financial Group, Inc.",11.45B,3.52,0.0254,0.6133,-0.237,Quarterly,,41.0,-0.0625,-0.17170000000000002,SCHD,0.0204,0.12801564357640813,0.0478429782894245,0.37729017459681646,0.11149788413050019,0.04781362109119374,0.37729017459681646,Financial Services,Insurance - Property & Casualty,2.53,42.23,20.41,0.443,0.058,11.44,0.24509803921568613,-0.7721929864581901
FNF,"Fidelity National Financial, Inc.",11.04B,2.08,0.0504,0.7267,0.04,Quarterly,14.0,22.0,0.049400000000000006,0.0704,SCHD,0.0385,0.045029908201140244,0.031274979573266026,0.07434790132588495,0.04315003813787868,0.024931777220645025,0.07768147404735996,Financial Services,Insurance - Specialty,10.4,54.3,10.21,0.058,0.105,2.87,0.30909090909090914,0.16801750763128612
HRL,Hormel Foods Corporation,10.99B,1.17,0.0587,1.8862,0.013000000000000001,Quarterly,60.0,60.0,0.024700000000000003,0.0383,Aristocrat+King,0.0321,0.04283923406026893,0.022062678432829406,0.07464323756395558,0.035208672310683004,0.01967857008807522,0.07464323756395558,Consumer Defensive,Packaged Foods,0.84,36.33,4.29,-0.672,-0.024,0.62,0.828660436137072,0.6672028834836032
CLX,The Clorox Company,9.84B,5.00,0.061399999999999996,1.0395,0.012199999999999999,Quarterly,49.0,56.0,0.0152,0.0187,Aristocrat,0.0354,0.04581279904782176,0.030643115220978356,0.07628055178297846,0.04063945228920569,0.02413883403553547,0.07628055178297846,Consumer Defensive,Household & Personal Products,0.67,2221.43,163.76,-0.501,-0.02,4.81,0.7344632768361581,0.510847133545364
FRT,Federal Realty Investment Trust,9.61B,4.64,0.042199999999999994,0.9357,0.0271,Quarterly,59.0,59.0,0.0167,0.0137,Aristocrat+King,0.0413,0.04760743637791398,0.03555415793009054,0.0719902026722138,0.04851665386021309,0.03555415793009054,0.08265209414474203,Real Estate,REIT - Retail,0.85,134.11,12.55,-0.456,0.072,4.95,0.021791767554479202,-0.13019557940687196
FDS,FactSet Research Systems Inc.,9.52B,4.64,0.0175,0.3055,0.056100000000000004,Quarterly,26.0,28.0,0.0652,0.0729,Aristocrat,0.0104,0.011718876378094427,0.006960986681011228,0.028699494569228,0.011880480143607848,0.006960986681011228,0.028699494569228,Financial Services,Financial Data & Stock Exchanges,3.86,77.28,27.03,-0.096,0.064,15.18,0.6826923076923079,0.4730044399270908
PNR,Pentair plc,8.48B,1.08,0.0204,0.2713,0.08,Quarterly,49.0,51.0,0.0706,0.061900000000000004,Aristocrat,0.0127,0.015671366134291466,0.008594434390327066,0.027938188944222873,0.01985569183472753,0.008594434390327066,0.043571873460013594,Industrials,Specialty Industrial Machinery,4.54,47.07,17.13,-0.111,-0.17,3.88,0.6062992125984253,0.027413205734815052
ALV,"Autoliv, Inc.",8.35B,3.48,0.0305,0.4089,0.1797,Quarterly,5.0,30.0,0.0965,0.22920000000000001,SCHD,0.0259,0.031617505229249526,0.013132017394808867,0.05295918456806602,0.03363599452609337,0.006599604566087376,0.08954572080519993,Consumer Cyclical,Auto Parts,3.01,87.53,25.86,-0.375,0.033,8.37,0.1776061776061776,-0.09323329279473519
COLB,"Columbia Banking System, Inc.",8.22B,1.48,0.0508,0.5813,0.0278,Quarterly,3.0,30.0,0.0127,0.0098,SCHD,,0.06473992066325293,0.03615683129611331,0.11096495059821958,0.060306876899746856,0.02909371762120763,0.12201125179254096,Financial Services,Banks - Regional,2.11,,11.03,0.002,0.351,2.54,-0.21532186818334148,-0.15764167187020697
CBSH,"Commerce Bancshares, Inc.",8.00B,1.10,0.0197,0.2696,0.0548,Quarterly,58.0,58.0,0.0581,0.0583,King,0.0178,0.0205306083429861,0.014857453348104725,0.0326718930803904,0.0205736262094906,0.014309088356099902,0.0326718930803904,Financial Services,Banks - Regional,3.94,,14.69,0.012,0.142,4.08,0.1067415730337078,-0.04246340438943125
AOS,A. O. Smith Corporation,7.93B,1.44,0.024700000000000003,0.40130000000000005,0.0588,Quarterly,33.0,44.0,0.06269999999999999,0.0672,Aristocrat,0.0182,0.020234038289443645,0.014332780101137001,0.03068287101630585,0.018735579410835073,0.00968390755312471,0.03068287101630585,Industrials,Specialty Industrial Machinery,2.79,36.77,27.13,-0.15,-0.007,3.59,0.35714285714285726,0.3183472717003678
NFG,National Fuel Gas Company,7.39B,2.22,0.028399999999999998,0.30829999999999996,0.0381,Quarterly,56.0,56.0,0.039599999999999996,0.0391,King,0.0305,0.034599492025966,0.02229670667122327,0.05739869229091158,0.03956233312586417,0.02229670667122327,0.06497926758877104,Energy,Oil & Gas Integrated,0.99,90.92,19.58,-0.116,0.011,7.18,-0.06885245901639349,-0.28214547130858453
MSA,MSA Safety Incorporated,7.05B,2.16,0.0118,0.2686,0.0288,Quarterly,56.0,56.0,0.0479,0.042300000000000004,King,0.0122,0.013482753378827771,0.009870603430456787,0.02054997811381635,0.015850054199401085,0.009870603430456787,0.03183849657849289,Industrials,Security & Protection Services,3.59,45.91,23.66,0.403,0.062,8.05,-0.032786885245901724,-0.25552305048610635
MSM,"MSC Industrial Direct Co., Inc.",6.83B,3.48,0.0286,0.8406,0.0235,Quarterly,4.0,24.0,0.0327,0.0301,SCHD,0.037,0.04984827877149531,0.03401948492715031,0.10925850233372597,0.06487928053015599,0.02836328290824984,0.22556064033746936,Industrials,Industrial Distribution,1.27,39.13,16.32,0.411,0.078,4.15,-0.22702702702702698,-0.5591813015450028
UBSI,"United Bankshares, Inc.",6.35B,1.52,0.0326,0.41509999999999997,0.027000000000000003,Quarterly,37.0,43.0,0.0182,0.0166,King,0.0402,0.05257626049339262,0.03688374635533868,0.07802909799393803,0.056624375253323866,0.03688374635533868,0.10607486392990459,Financial Services,Banks - Regional,2.3,,9.47,0.122,0.062,3.67,-0.18905472636815926,-0.42427620871479077
BKH,Black Hills Corporation,5.32B,2.81,0.0403,0.7061,0.04,Quarterly,55.0,56.0,0.0366,0.042699999999999995,King,0.0398,0.04669699651065284,0.034920855701931076,0.05941410167448477,0.04455416698128677,0.03376323980024476,0.06560818169002958,Utilities,Utilities - Regulated Gas,-0.74,111.69,7.96,0.316,0.031,3.97,0.01256281407035177,-0.09548303266613797
MUR,Murphy Oil Corporation,5.25B,1.40,0.0382,0.6915,0.0784,Quarterly,4.0,56.0,0.0855,0.2242,SCHD,0.0304,0.037347398215571675,0.017387377045249185,0.07833599402806496,0.053253963555287935,0.017387377045249185,0.3337140718472353,Energy,Oil & Gas E&P,1.06,41.9,6.46,9.166,0.356,2.02,0.25657894736842096,-0.2826825000482641
RLI,RLI Corp.,5.13B,4.72,0.0848,0.9831,0.7897,Quarterly,52.0,52.0,0.051100000000000007,0.3643,King,0.0086,0.04607054434394883,0.019321941451789247,0.09659329418282483,0.04474706734206401,0.019321941451789247,0.09659329418282483,Financial Services,Insurance - Property & Casualty,2.52,18.19,25.16,0.358,0.152,4.76,8.86046511627907,0.8950962607617562
OZK,Bank OZK,5.08B,1.92,0.0412,0.3068,0.0941,Quarterly,28.0,30.0,0.10460000000000001,0.1073,SCHD,0.0333,0.040384570745013545,0.026461307588432615,0.05522487319852584,0.039269947555798795,0.015730091040398127,0.0917378089857167,Financial Services,Banks - Regional,3.44,,11.33,-0.057,-0.021,6.06,0.23723723723723714,0.04914833261385917
NXST,"Nexstar Media Group, Inc.",4.97B,7.44,0.0458,1.3924,0.023399999999999997,Quarterly,12.0,14.0,0.14550000000000002,0.2284,SCHD,0.0296,0.0379036822631854,0.018226006461016627,0.06071497627275262,0.03195563948736704,0.018226006461016627,0.06071497627275262,Communication Services,Broadcasting,3.29,533.79,7.43,0.18,0.622,5.28,0.5472972972972973,0.43323684754004155
MTN,"Vail Resorts, Inc.",4.93B,8.88,0.0646,2.0373,,Quarterly,,16.0,0.038,0.5878,SCHD,0.0223,0.04780473821712761,0.0029157543929436655,0.09471946350303877,0.04029813900167538,0.0029157543929436655,0.09471946350303877,Consumer Cyclical,Resorts & Casinos,0.97,355.58,16.85,-0.158,-0.07,4.64,1.8968609865470853,0.6030516942063823
MC,Moelis & Company,4.72B,2.60,0.0451,0.8438,0.0196,Quarterly,1.0,13.0,0.027000000000000003,-0.1563,SCHD,0.0448,0.08208189999592586,0.03350746181444215,0.2375756629113253,0.120878188770256,0.03350746181444215,0.2992870072654836,Financial Services,Capital Markets,2.59,40.95,41.45,0.171,0.12,2.87,0.006696428571428608,-0.6268971229729612
RDN,Radian Group Inc.,4.36B,1.02,0.0311,0.26239999999999997,0.009899999999999999,Quarterly,6.0,34.0,0.0524,0.1399,SCHD,0.0304,0.03780034069593724,0.025866490629176668,0.05819557264156714,0.02342495045283889,0.0006144433830630815,0.05819557264156714,Financial Services,Insurance - Specialty,0.79,27.97,12.03,-0.162,0.935,4.05,0.02302631578947366,0.3276442169050975
IBOC,International Bancshares Corporation,4.32B,1.46,0.021,0.21989999999999998,0.0429,Semi-Annual,16.0,31.0,0.050300000000000004,0.0489,SCHD,0.0244,0.030612095926034637,0.018308905767597642,0.04941663120768289,0.0322077057331661,0.018308905767597642,0.10537369455010366,Financial Services,Banks - Regional,5.43,,12.92,-0.043,,6.64,-0.13934426229508196,-0.34798212036645904
FHI,"Federated Hermes, Inc.",4.09B,1.52,0.0265,0.2826,0.10769999999999999,Quarterly,3.0,29.0,0.09390000000000001,0.0592,SCHD,0.0299,0.04082266450162971,0.02168198794723041,0.08968765455051306,0.056530072691723,0.02168198794723041,0.1377025432085531,Financial Services,Asset Management,2.81,32.35,31.14,0.193,0.183,5.38,-0.1137123745819398,-0.5312229626076517
CATY,Cathay General Bancorp,4.05B,1.52,0.025,0.2973,0.0882,Quarterly,,36.0,0.0286,0.036000000000000004,SCHD,0.0321,0.037093270540220026,0.02360823149499078,0.054234147085751486,0.0391941814139519,0.02360823149499078,0.10292814224804468,Financial Services,Banks - Regional,3.88,,11.71,0.245,0.138,5.11,-0.22118380062305285,-0.3621502198002078
SIG,Signet Jewelers Limited,3.97B,1.40,0.013500000000000002,0.16010000000000002,0.096,Quarterly,4.0,16.0,0.15460000000000002,0.3064,SCHD,0.0121,0.013614414992836511,0.0020919982460986114,0.025419318770003623,0.03929148649245306,0.0020919982460986114,0.3371072439373622,Consumer Cyclical,Luxury Goods,10.12,66.7,19.86,,-0.005,8.61,0.11570247933884314,-0.656414119058768
CVBF,CVB Financial Corp.,3.91B,0.80,0.036000000000000004,0.5582,,Quarterly,,38.0,,0.0213,SCHD,0.0398,0.05032582359368758,0.030843375979574546,0.1029463531943298,0.04703878917242672,0.027480050998858682,0.1029463531943298,Financial Services,Banks - Regional,1.96,,7.65,-0.216,0.42,1.44,-0.09547738693467331,-0.23467417777193667
CNS,"Cohen & Steers, Inc.",3.79B,2.68,0.0366,0.8245,0.0735,Quarterly,3.0,23.0,0.0518,-0.008199999999999999,SCHD,0.0306,0.046042943370356026,0.02347569888407405,0.07845886090630065,0.06662002333663247,0.02347569888407405,0.20675354865728093,Financial Services,Asset Management,-1.0,19.33,27.33,0.319,0.122,3.25,0.1960784313725491,-0.45061562324799287
IPAR,"Interparfums, Inc.",3.77B,3.20,0.027200000000000002,0.6117,0.0159,Quarterly,5.0,25.0,0.1045,0.3367,SCHD,0.0215,0.023828989762105617,0.008790969010635924,0.04863303016343821,0.021918290666395276,0.007149344121640086,0.04863303016343821,Consumer Defensive,Household & Personal Products,1.62,15.12,19.11,-0.04,0.021,5.22,0.26511627906976765,0.2409726841383004
RHI,Robert Half Inc.,3.68B,2.36,0.0645,2.0516,0.026099999999999998,Quarterly,22.0,23.0,0.08070000000000001,0.0978,SCHD,0.0351,0.04403899729245911,0.015103993920610554,0.11181738910323301,0.03499646033399166,0.015103993920610554,0.11181738910323301,Industrials,Staffing & Employment Services,1.12,19.94,9.11,-0.363,-0.024,1.15,0.8376068376068377,0.8430435359587464
AWR,American States Water Company,3.22B,2.18,0.0268,0.5971,0.08259999999999999,Quarterly,72.0,72.0,0.0824,0.08470000000000001,King,0.0206,0.024216144746104822,0.016731966797042964,0.035007633738622576,0.02242772797006107,0.0136721173706944,0.035007633738622576,Utilities,Utilities - Regulated Water,-0.09,81.81,13.67,0.258,0.112,3.66,0.3009708737864078,0.19494939638003037
APAM,Artisan Partners Asset Management Inc.,2.90B,4.03,0.11320000000000001,0.9672,0.12890000000000001,Quarterly,2.0,14.0,0.1618,0.002,SCHD,0.077,0.11646314868472046,0.07251729987997522,0.22239526276351246,0.15872867974730148,0.07251729987997522,0.32148526737774924,Financial Services,Asset Management,0.67,57.11,64.55,0.183,0.089,4.17,0.4701298701298703,-0.2868333550041734
ABM,ABM Industries Incorporated,2.87B,1.16,0.023700000000000002,0.42119999999999996,0.0943,Quarterly,59.0,59.0,0.0965,0.0883,King,0.0198,0.024034183122072787,0.01575768817259703,0.036136065246386274,0.024716568794884188,0.01575768817259703,0.050655212676768015,Industrials,Specialty Business Services,2.36,105.13,9.19,0.256,0.042,2.76,0.196969696969697,-0.04112904195240052
TR,"Tootsie Roll Industries, Inc.",2.85B,0.36,0.0095,0.28309999999999996,0.03,Quarterly,57.0,57.0,0.0271,-0.0231,King,0.0101,0.011265771456003161,0.007810403725201689,0.015640248619072438,0.012007007701543356,0.007810403725201689,0.01649064639778438,Consumer Defensive,Confectioners,3.7,1.4,10.34,-0.239,-0.006,1.27,-0.05940594059405939,-0.20879537715471866
FG,"F&G Annuities & Life, Inc.",2.83B,1.00,0.0463,0.3299,0.1364,Quarterly,2.0,4.0,,,SCHD,,0.02424388186528448,0.009267856189560015,0.04627487143711522,,,,Financial Services,Insurance - Life,34.06,48.81,9.17,,0.042,3.04,0.9097601719590259,
CWT,California Water Service Group,2.82B,1.34,0.029500000000000002,0.6017,0.1059,Quarterly,59.0,59.0,0.0821,0.0765,King,0.0212,0.026653686883111705,0.01755306221760091,0.037827295727767433,0.024751953240731213,0.01584380991039752,0.037827295727767433,Utilities,Utilities - Regulated Water,-2.9,92.68,7.68,0.314,0.165,2.23,0.39150943396226423,0.19182513448900343
FUL,H.B. Fuller Company,2.66B,0.98,0.0197,0.2731,0.0492,Quarterly,57.0,57.0,0.06709999999999999,0.07780000000000001,King,0.0123,0.014205242172669634,0.009663106486922143,0.024204983306739137,0.014971509843107729,0.009663106486922143,0.03422406724589053,Basic Materials,Specialty Chemicals,2.41,100.91,9.58,0.18,0.052,3.59,0.6016260162601624,0.31583255172283603
MGEE,"MGE Energy, Inc.",2.60B,2.03,0.0296,0.49950000000000006,0.0593,Quarterly,51.0,56.0,0.0542,0.0524,King,0.0215,0.023524148920699674,0.016756145388755896,0.032506830338061336,0.024375789119124264,0.016756145388755896,0.03699390912258635,Utilities,Utilities - Regulated Electric,-1.18,64.86,11.04,0.236,0.011,4.07,0.3767441860465118,0.2143196618310515
HTO,H2O America,2.57B,1.76,0.0287,0.6307,0.0482,Quarterly,33.0,55.0,0.0507,0.0536,King,0.0259,0.03197125349740063,0.023675899335585966,0.04194425242631542,0.02863412073037961,0.01599293088590678,0.04194425242631542,Utilities,Utilities - Regulated Water,-4.74,102.58,6.46,-0.126,0.062,2.84,0.10810810810810813,0.0023007261246368454
BANR,Banner Corporation,2.32B,2.08,0.0304,0.3432,0.0625,Quarterly,1.0,32.0,0.0276,0.0446,SCHD,0.0324,0.04113434838991286,0.02657814966372058,0.06472949697332535,0.04593795998368706,0.020306075709220984,0.12068701914676112,Financial Services,Banks - Regional,3.67,,10.78,0.092,0.069,6.06,-0.06172839506172834,-0.3382379189063841
NWBI,"Northwest Bancshares, Inc.",2.21B,0.80,0.0529,0.7626000000000001,,Quarterly,,32.0,,0.0051,SCHD,0.0631,0.08478624965849635,0.05803855658857652,0.12334986662475703,0.08208441195095424,0.05803855658857652,0.12334986662475703,Financial Services,Banks - Regional,1.29,,8.57,0.385,0.232,1.03,-0.16164817749603805,-0.3555414634436565
BKE,"The Buckle, Inc.",2.18B,1.40,0.0325,0.32280000000000003,0.1282,Quarterly,,24.0,0.027999999999999997,0.0599,SCHD,0.034,0.16392283483251333,0.06886811301423151,0.4242624432481475,0.2188842458978207,0.06886811301423151,0.5294246494527503,Consumer Cyclical,Apparel Retail,0.91,86.18,45.76,-0.022,0.046,4.34,-0.04411764705882357,-0.8515196931296206
OFG,OFG Bancorp,2.16B,1.40,0.027200000000000002,0.2663,0.1739,Quarterly,5.0,35.0,0.16219999999999998,0.3099,SCHD,0.0234,0.025788113107067367,0.014498074885272138,0.0395913722489729,0.023769401810844016,0.013167964480229503,0.0395913722489729,Financial Services,Banks - Regional,3.84,,16.08,0.209,0.104,5.07,0.16239316239316245,0.14432833507786835
FCF,First Commonwealth Financial Corporation,2.07B,0.56,0.0271,0.3418,0.0377,Quarterly,9.0,40.0,0.0393,0.040999999999999995,SCHD,0.033,0.04169226236119226,0.028015346126198812,0.05876929815362485,0.04298552095573962,0.02465254018424391,0.080088784900816,Financial Services,Banks - Regional,3.09,,10.91,0.375,0.096,1.64,-0.17878787878787886,-0.36955515723762594
SRCE,1st Source Corporation,2.06B,1.72,0.020099999999999996,0.2412,0.1351,Quarterly,39.0,52.0,0.0949,0.0732,SCHD,0.0251,0.030042337705012186,0.01785527009717066,0.042844175342391405,0.029789788007165002,0.017541259403195966,0.05157317916614943,Financial Services,Banks - Regional,5.54,,13.09,0.293,0.16,6.97,-0.1992031872509962,-0.32527213704355434
WHR,Whirlpool Corporation,2.05B,1.80,0.0574,0.6279,-0.3643,-,,56.0,-0.1402,-0.0191,SCHD,0.0566,0.08160293266503049,0.035264104536665654,0.1974207885509283,0.0641066776545153,0.027134574936018525,0.1974207885509283,Consumer Cyclical,"Furnishings, Fixtures & Appliances",0.27,205.43,5.93,-0.011,-0.068,3.04,0.014134275618374596,-0.1046174579606049
GRC,The Gorman-Rupp Company,2.01B,0.76,0.01,0.321,0.027000000000000003,Quarterly,53.0,56.0,0.0278,0.0416,King,0.0196,0.020954658531328992,0.008249392003539859,0.032912990251338155,0.0275575819272162,0.008249392003539859,0.0998507754886342,Industrials,Specialty Industrial Machinery,4.54,62.33,14.86,0.225,0.039,2.37,-0.4897959183673469,-0.6371234592929259
CHCO,City Holding Company,1.97B,3.48,0.0248,0.3811,0.1013,Quarterly,14.0,25.0,0.10210000000000001,0.08539999999999999,SCHD,0.0268,0.031189946417795607,0.022912198685624118,0.044864655891716274,0.03403569809262127,0.022912198685624118,0.04902148030867814,Financial Services,Banks - Regional,2.72,,16.75,0.028,0.009,9.13,-0.07462686567164185,-0.2713532734803378
NWN,Northwest Natural Holding Company,1.97B,1.97,0.042300000000000004,0.6525,0.0051,Quarterly,71.0,71.0,0.0051,0.0052,King,0.0441,0.052469335036273546,0.03752067523639169,0.06874665923395079,0.048622053632922296,0.03264842044954968,0.06945018055507447,Utilities,Utilities - Regulated Gas,-2.56,173.28,8.35,,0.031,2.99,-0.04081632653061216,-0.13002440581081484
WU,The Western Union Company,1.91B,0.94,0.1536,0.7555,,Quarterly,,21.0,,0.0021,SCHD,0.0823,0.10841025314544853,0.06704892658536987,0.15588722509014238,0.08693039431435805,0.04654587810302784,0.15588722509014238,Financial Services,Credit Services,1.27,294.87,43.97,-0.351,-0.013,1.24,0.8663426488456863,0.7669309015734018
GABC,"German American Bancorp, Inc.",1.85B,1.24,0.025099999999999997,0.3275,0.0702,Quarterly,13.0,34.0,0.0757,0.0827,SCHD,0.0274,0.03066643712402886,0.022000370467838534,0.04385013268067114,0.027601079036462126,0.0163974975858639,0.04385013268067114,Financial Services,Banks - Regional,3.56,,12.46,0.214,0.11,3.8,-0.08394160583941618,-0.09061526301772851
NSP,"Insperity, Inc.",1.79B,2.40,0.0512,,,Quarterly,7.0,22.0,0.0326,0.07139999999999999,SCHD,0.0291,0.04591805944002998,0.018503756544836644,0.15530767154909444,0.03407311010211586,0.0076876448522979444,0.15530767154909444,Industrials,Staffing & Employment Services,-3.43,783.61,-18.5,,0.017,-0.44,0.7594501718213059,0.5026512063781522
STBA,"S&T Bancorp, Inc.",1.73B,1.48,0.03,0.39399999999999996,0.0735,Quarterly,13.0,38.0,0.047599999999999996,0.0545,SCHD,0.037,0.04531448601982204,0.02876847290640394,0.06245626116029419,0.0450119264227145,0.026039438787905145,0.09082067443213045,Financial Services,Banks - Regional,2.44,,9.87,0.229,0.061,3.76,-0.18918918918918917,-0.3335099742618212
HUN,Huntsman Corporation,1.52B,0.35,0.0401,,-0.65,Quarterly,,20.0,-0.2767,-0.1294,SCHD,0.0455,0.053565012026356995,0.02154880020479303,0.1455578923334461,0.045108873269574155,0.01935159489507785,0.1455578923334461,Basic Materials,Chemicals,0.79,85.39,-3.84,,0.141,-0.98,-0.11868131868131873,-0.11103964489737396
LKFN,Lakeland Financial Corporation,1.46B,2.08,0.0354,0.4771,0.0404,Quarterly,12.0,32.0,0.0499,0.0931,SCHD,0.0276,0.032090256787720664,0.018462120363948092,0.046589724605572376,0.029778885867399144,0.018462120363948092,0.05417757033291164,Financial Services,Banks - Regional,2.02,,15.0,0.087,0.092,4.36,0.28260869565217395,0.18876173398933813
SCL,Stepan Company,1.46B,1.58,0.0245,,0.026000000000000002,Quarterly,58.0,58.0,0.026699999999999998,0.053099999999999994,King,0.019,0.023107667029161175,0.010516741977053186,0.04665634972157539,0.017801918855164828,0.009353528300627398,0.04665634972157539,Basic Materials,Specialty Chemicals,0.72,58.36,-0.22,1.016,0.15,-0.12,0.2894736842105264,0.3762561327983963
PFBC,Preferred Bank,1.29B,3.20,0.0292,0.2922,0.0667,Quarterly,5.0,13.0,0.133,0.1732,SCHD,0.0296,0.034611362056006685,0.022410471472740834,0.06076082812699872,0.030039941310365352,0.014240707170688637,0.0649847022782227,Financial Services,Banks - Regional,4.36,,17.58,0.082,0.047,10.71,-0.013513513513513549,-0.027960817289464146
WEN,The Wendy's Company,1.22B,0.28,0.0441,0.7445,-0.3718,Quarterly,,24.0,-0.1757,0.052199999999999996,SCHD,0.0482,0.06450469862042683,0.020946831403029505,0.13924393774105462,0.04458028551909759,0.01399097490746745,0.13924393774105462,Consumer Cyclical,Restaurants,1.87,3380.61,108.04,-0.408,0.017,0.66,-0.0850622406639004,-0.010773495806612556
FLO,"Flowers Foods, Inc.",1.20B,0.50,0.08839999999999999,2.859,-0.2359,Quarterly,12.0,25.0,-0.0611,-0.019,SCHD,0.0477,0.06758743739570022,0.036414141397236345,0.14682057918188243,0.06129793506242238,0.036414141397236345,0.14682057918188243,Consumer Defensive,Packaged Foods,1.52,151.7,4.01,,,0.26,0.8532494758909852,0.4421366708352964
TNC,Tennant Company,1.17B,1.24,0.0181,1.2067,0.0508,Quarterly,54.0,56.0,0.0537,0.061500000000000006,King,0.0137,0.015488846149929217,0.009756355613866504,0.024907417602120438,0.015163580903087639,0.009756355613866504,0.024907417602120438,Industrials,Specialty Industrial Machinery,1.96,73.11,3.08,-0.593,0.017,1.04,0.3211678832116789,0.19364944967019257
FMC,FMC Corporation,1.16B,0.32,0.0349,,-0.8621,Quarterly,,21.0,-0.4833,-0.3012,SCHD,0.046,0.05223406878775553,0.01675191284932503,0.19383225114744213,0.03405454160120341,0.008356782094256875,0.19383225114744213,Basic Materials,Agricultural Inputs,-0.61,265.05,-88.38,,-0.175,-21.49,-0.24130434782608692,0.024826597541595358
CRI,"Carter's, Inc.",1.14B,1.00,0.0321,0.1866,-0.5238,Quarterly,,14.0,-0.3066,0.045599999999999995,SCHD,0.0435,0.05662898746346331,0.008934367026165447,0.11655904622073668,0.04085525082348313,0.004567352569270849,0.11655904622073668,Consumer Cyclical,Apparel Retail,1.22,115.33,20.74,471.464,0.052,5.36,-0.2620689655172414,-0.21429927970117166
UVV,Universal Corporation,1.04B,3.32,0.0794,4.359100000000001,0.0123,Quarterly,56.0,56.0,0.0124,0.0126,King,0.0598,0.08224235151553214,0.053496861538337506,0.11239788063760253,0.08362236234989123,0.050973579139178854,0.11717780601060168,Consumer Defensive,Tobacco,0.99,85.55,2.28,,-0.118,0.76,0.3277591973244147,-0.05049322012961197
MSEX,Middlesex Water Company,988.36M,1.44,0.0275,0.5559000000000001,0.0588,Quarterly,53.0,56.0,0.0483,0.057300000000000004,King,0.0195,0.022489870345523265,0.012822068899161135,0.03513963506070445,0.022241744984709808,0.012822068899161135,0.037276928817766716,Utilities,Utilities - Regulated Water,-1.35,83.98,9.77,0.316,0.143,2.59,0.41025641025641024,0.2364137804342692
CPF,Central Pacific Financial Corp.,936.69M,1.20,0.0326,0.373,0.08410000000000001,Quarterly,1.0,14.0,0.0371,0.043,SCHD,0.0439,0.05075664235645833,0.030374444663863628,0.08950303578655462,0.04950114883286666,0.026619732004296424,0.10874463440454213,Financial Services,Banks - Regional,3.14,,14.25,0.194,0.077,3.11,-0.2574031890660593,-0.34142942601051346
THFF,First Financial Corporation,890.94M,2.24,0.029900000000000003,0.31379999999999997,0.098,Quarterly,36.0,44.0,0.3128,0.1407,SCHD,0.0299,0.04089536847714449,0.0264524698125624,0.06837488214877604,0.04281293986129164,0.02575960250879696,0.08269265436192148,Financial Services,Banks - Regional,3.58,,13.42,0.219,0.155,7.14,1.160350151155055e-16,-0.30161301473638313
VRTS,"Virtus Investment Partners, Inc.",860.02M,9.80,0.0755,0.5585,0.0546,Quarterly,8.0,13.0,0.121,0.195,SCHD,0.0356,0.04469860606166281,0.014556643708978691,0.09505019721005226,0.0337141269043629,0.012919611370570678,0.09505019721005226,Financial Services,Asset Management,-1.15,44.52,10.67,0.092,-0.044,17.54,1.1207865168539326,1.2394173283553027
KFRC,Kforce Inc.,858.87M,1.60,0.031200000000000002,0.7564,0.0258,Quarterly,8.0,14.0,0.0483,0.11560000000000001,SCHD,0.0262,0.03438767574678414,0.014642927861465852,0.08214617464812242,0.031015918454328103,0.013718040030181424,0.08214617464812242,Industrials,Staffing & Employment Services,1.7,98.74,28.27,0.238,0.045,2.12,0.1908396946564886,0.005935066728491852
ETD,Ethan Allen Interiors Inc.,535.30M,1.81,0.0851,3.0833,1.6575,Quarterly,,31.0,0.3726,0.1216,SCHD,0.0508,0.12008820609464431,0.07326419916569595,0.22937530555553284,0.11634194846303236,0.03602777964548518,0.41905342038533977,Consumer Cyclical,"Furnishings, Fixtures & Appliances",0.9,25.6,8.36,-0.037,-0.085,1.56,0.6751968503937008,-0.26853554436523375
AMSF,"AMERISAFE, Inc.",439.75M,2.64,0.11109999999999999,1.0562,-0.4229,Quarterly,,14.0,-0.2108,-0.10800000000000001,SCHD,0.0286,0.13573175227772988,0.0781732063217597,0.2429810859984636,0.13866577821954215,0.0781732063217597,0.2429810859984636,Financial Services,Insurance - Specialty,0.18,,18.23,0.068,0.134,2.48,2.884615384615384,-0.1987929435328934
OXM,"Oxford Industries, Inc.",388.09M,2.80,0.1081,,0.0182,Quarterly,5.0,56.0,0.0373,0.1383,SCHD,0.0337,0.0470800428481984,0.018894271026211946,0.13439194581770592,0.03732741793359399,0.015652525766020296,0.13439194581770592,Consumer Cyclical,Apparel Manufacturing,0.27,92.84,-1.17,1.902,-0.022,-0.44,2.207715133531157,1.8959945794351878
FMCB,FMCB (Premium Stock),,,0.0,0.0,0.0,,0.0,0.0,0.0,0.0,King,0.0174,0.02236825977325378,0.0136748139089052,0.028288071564157427,0.022264130564316358,0.01088551288616265,0.034223012517260655,Financial Services,Banks - Regional,6.98,,14.85,0.105,0.067,139.58,-1.0,-1.0
CWENA,CWENA (Premium Stock),,,0.0,0.0,0.0,,0.0,0.0,0.0,0.0,SCHD,,,,,,,,,,,,,,,,,
LANC,LANC (Premium Stock),,,0.0,0.0,0.0,,0.0,0.0,0.0,0.0,King,,,,,,,,,,,,,,,,,
JHG,JHG (Premium Stock),,,0.0,0.0,0.0,,0.0,0.0,0.0,0.0,SCHD,,,,,,,,,,,,,,,,,
CTRA,CTRA (Premium Stock),,,0.0,0.0,0.0,,0.0,0.0,0.0,0.0,SCHD,,,,,,,,,,,,,,,,,
CMA,CMA (Premium Stock),,,0.0,0.0,0.0,,0.0,0.0,0.0,0.0,SCHD,,,,,,,,,,,,,,,,,
CDUAF,CDUAF (Premium Stock),,,0.0,0.0,0.0,,0.0,0.0,0.0,0.0,King,0.0495,0.06412916136522195,0.016815155795805566,0.09163738375139163,0.06442596934667803,0.016815155795805566,0.11550386425623624,Utilities,Utilities - Diversified,0.86,179.1,1.93,0.182,0.086,0.11,-1.0,-1.0
ACN,Accenture plc,106.65B,6.52,0.0374,0.5215,0.1014,Quarterly,6.0,22.0,0.1332,0.13119999999999998,Others,0.0179,0.02018949802219061,0.009412202793588887,0.038425971089922135,0.021312442547723718,0.009412202793588887,0.038425971089922135,Technology,Information Technology Services,2.94,25.04,24.41,0.09,0.056,12.52,1.0893854748603353,0.7548434402228815
PNC,"The PNC Financial Services Group, Inc.",89.15B,8.00,0.0358,0.3908,0.09230000000000001,Quarterly,15.0,56.0,0.0548,0.086,Others,0.0353,0.042892034359509223,0.027629684267705793,0.06935066438259341,0.039417799799675045,0.02312228525151247,0.06951767629227007,Financial Services,Banks - Regional,1.49,,12.62,0.249,0.236,18.16,0.014164305949008513,-0.09178086595550854
PRU,"Prudential Financial, Inc.",40.01B,5.60,0.0483,0.5065999999999999,0.0374,Quarterly,17.0,25.0,0.038900000000000004,0.0405,Others,0.0479,0.06307833656650896,0.04389033957690854,0.09097420805685888,0.06515376080036066,0.036296406995764696,0.18090483512529695,Financial Services,Insurance - Life,3.26,163.89,12.01,0.892,0.141,11.03,0.008350730688935376,-0.2586767147947561
PEG,Public Service Enterprise Group Incorporated,33.26B,2.68,0.04019999999999999,0.6666,0.0602,Quarterly,14.0,56.0,0.0547,0.055,Others,0.0323,0.03776051294436577,0.02674264279680084,0.05628416872466081,0.042762823731956646,0.02674264279680084,0.06425992472378443,Utilities,Utilities - Regulated Electric,0.02,142.41,11.83,-0.427,-0.089,4.02,0.24458204334365294,-0.05993111558817516
TS,Tenaris S.A.,28.47B,2.38,0.042199999999999994,0.6304,0.4,Semi-Annual,5.0,24.0,0.3013,0.3454,Others,0.0326,0.04387478844864829,0.0194842707671823,0.07278682079437697,0.049774853824311516,0.006985820179300668,0.1426465364355701,Energy,Oil & Gas Equipment & Services,2.2,2.6,11.58,-0.049,-0.039,3.74,0.29447852760736193,-0.152182341932097
HPQ,HP Inc.,28.23B,1.20,0.0384,0.4571,0.0366,Quarterly,9.0,56.0,0.0455,0.0913,Others,0.0369,0.045998029025449756,0.03053892512042638,0.08228822332208918,0.045342877689602594,0.02932841363992389,0.08228822332208918,Technology,Computer Hardware,2.57,,,-0.113,0.125,2.62,0.04065040650406489,-0.15311947638459308
CMS,CMS Energy Corporation,19.63B,2.28,0.0364,0.6857,0.0513,Quarterly,18.0,20.0,0.0542,0.056299999999999996,Others,0.0301,0.037673435913088645,0.027622738680244598,0.05184813997931721,0.03850658900681248,0.027533129010571724,0.05184813997931721,Utilities,Utilities - Regulated Electric,-2.72,185.6,9.16,-0.439,-0.005,3.32,0.20930232558139547,-0.05470723481739159
MKC.V,"McCormick & Company, Incorporated",12.90B,1.92,0.0381,0.3195,0.0678,Quarterly,33.0,53.0,0.0706,0.0728,Others,0.0222,0.026855582674170042,0.014766911628109041,0.047988561525797904,0.023596196388786347,0.0147212988449107,0.047988561525797904,Consumer Defensive,Packaged Foods,1.53,65.14,24.73,-0.142,0.167,6.01,0.7162162162162162,0.6146670154901033
DKS,"DICK'S Sporting Goods, Inc.",11.96B,5.00,0.0371,0.5347,0.0475,Quarterly,11.0,16.0,0.12480000000000001,0.2746,Others,0.0208,0.03912858881329549,0.017560943232663072,0.11945856784222054,0.03479601770675589,0.013507045874653109,0.11945856784222054,Consumer Cyclical,Specialty Retail,0.97,139.08,18.48,-0.257,0.532,9.06,0.7836538461538463,0.06621396484681
PB,"Prosperity Bancshares, Inc.",8.08B,2.40,0.035699999999999996,0.41609999999999997,0.0345,Quarterly,18.0,28.0,0.0294,0.041299999999999996,Others,0.0322,0.036097928072835496,0.028148711602846422,0.04859429487409583,0.03423259684935845,0.02286792883634158,0.049916163753881755,Financial Services,Banks - Regional,2.33,,7.07,0.177,0.259,5.77,0.10869565217391293,0.04286566856434812
FAF,First American Financial Corporation,6.61B,2.44,0.0375,0.3381,0.0415,Quarterly,15.0,17.0,0.0264,0.0364,Others,0.0342,0.039205436829279044,0.028206055768371954,0.05289702901881729,0.040143044074018905,0.028206055768371954,0.06357423014582085,Financial Services,Insurance - Specialty,3.42,49.42,13.85,0.504,0.15,7.21,0.09649122807017536,-0.06584064898380534
DOX,Amdocs Limited,5.99B,2.28,0.0397,0.5389,0.08449999999999999,Quarterly,13.0,15.0,0.0953,0.0968,Others,0.0209,0.02441901436350874,0.018011226785494806,0.04359421193820618,0.02187374341264696,0.014719904509548035,0.04359421193820618,Technology,Software - Infrastructure,2.88,32.67,13.31,-0.574,0.027,4.21,0.8995215311004786,0.8149614014876967
AUB,Atlantic Union Bankshares Corporation,5.51B,1.48,0.0384,0.4425,0.0882,Quarterly,15.0,33.0,0.0724,0.069,Others,0.0363,0.04574108926182287,0.03204055313022482,0.07104671272488652,0.04242805211852581,0.0261702180505502,0.07863089523965816,Financial Services,Banks - Regional,11.58,,9.76,8.348,0.358,3.43,0.05785123966942143,-0.09493841732995799
OTEX,Open Text Corporation,5.27B,1.12,0.050300000000000004,0.4341,0.04,Quarterly,12.0,14.0,0.0412,0.060599999999999994,Others,0.0303,0.038200206437982345,0.022410846403096624,0.06889218807467033,0.030101105465338663,0.016275526586953092,0.06889218807467033,Technology,Software - Application,3.01,148.72,16.19,4.761,0.029,2.58,0.6600660066006602,0.6710349743772803
NJR,New Jersey Resources Corporation,5.12B,2.00,0.0398,0.5532,0.0548,Quarterly,30.0,56.0,0.0658,0.07200000000000001,Others,0.0353,0.04506965571682036,0.03194618030812861,0.05846939573099562,0.04226216072492825,0.029786975356863858,0.06368745482309189,Utilities,Utilities - Regulated Gas,-1.33,146.78,14.45,,0.168,3.61,0.1274787535410766,-0.05825922486438198
HRB,"H&R Block, Inc.",4.97B,1.84,0.0454,0.3246,0.1133,Quarterly,10.0,56.0,0.1306,0.1017,Others,0.0324,0.04125877362408009,0.02076299978849908,0.0723845288579758,0.05287287338221543,0.02076299978849908,0.11584560953124277,Consumer Cyclical,Personal Services,3.58,1789.42,713.54,0.045,0.03,5.69,0.40123456790123474,-0.14133662319039078
SR,Spire Inc.,4.54B,3.30,0.0429,0.368,0.051,Quarterly,22.0,56.0,0.0464,0.048799999999999996,Others,0.0418,0.05039563508746733,0.03452805133216094,0.07419974072185019,0.0473739291893369,0.03452805133216094,0.07419974072185019,Utilities,Utilities - Regulated Gas,-1.75,202.61,8.11,11.382,0.192,4.53,0.026315789473684303,-0.09443863462235069
MZTI,The Marzetti Company,2.76B,4.00,0.0395,0.5731,0.0526,Quarterly,9.0,56.0,0.0557,0.0592,Others,0.0202,0.025413959597390314,0.0163566261947524,0.04723968107083892,0.024071888687533297,0.0163566261947524,0.06762782026129507,Consumer Defensive,Packaged Foods,1.9,24.1,18.68,0.495,-0.022,6.98,0.9554455445544555,0.6409181893756778
AGM.A,Federal Agricultural Mortgage Corporation,2.25B,6.40,0.042699999999999995,0.3503,0.0678,Quarterly,14.0,23.0,0.1402,0.1286,Others,0.0365,0.042740348320817086,0.031038836973621257,0.06456526559430753,0.0442161975948371,0.021659998032857633,0.09114122852822253,Financial Services,Credit Services,0.9,1994.18,13.48,0.208,0.249,18.28,0.16986301369863008,-0.034290546842819104
TRN,"Trinity Industries, Inc.",2.20B,1.24,0.045,0.2998,0.0333,Quarterly,15.0,56.0,0.0604,0.081,Others,0.0374,0.0444688442971169,0.030754035561971652,0.07037477860102695,0.037963704129777155,0.01714046971998869,0.07037477860102695,Industrials,Railroads,-4.41,468.39,30.16,6.195,-0.042,4.23,0.2032085561497325,0.18534271171668584
STC,Stewart Information Services Corporation,1.75B,2.20,0.0382,0.4865,0.049400000000000006,Quarterly,5.0,24.0,0.052000000000000005,0.105,Others,0.0305,0.03497328495106549,0.019000687397830063,0.05304625222561606,0.036349702357645224,0.019000687397830063,0.068911644062708,Financial Services,Insurance - Property & Casualty,2.26,46.09,9.61,0.071,0.243,4.57,0.2524590163934426,0.05090269032053331
UTL,Unitil Corporation,917.85M,1.90,0.037599999999999995,0.5971,0.056299999999999996,Quarterly,11.0,42.0,0.053200000000000004,0.0436,Others,0.0318,0.03908265904292169,0.028832895440553133,0.054077557671525917,0.03946685975311498,0.028402390073153233,0.06465690421590864,Utilities,Utilities - Diversified,-1.79,149.59,9.62,0.053,0.14,3.14,0.182389937106918,-0.04730195827063847
FINV,FinVolution Group,757.05M,0.31,0.0992,0.2616,0.1128,Annual,5.0,8.0,0.1362,0.1378,Others,0.0419,0.050551812791278836,0.024398694455756837,0.09935065181164064,0.05797159803273392,0.01629541278914588,0.2088207875950272,Financial Services,Credit Services,3.48,9.4,11.58,-0.357,-0.049,1.1,1.367541766109785,0.7111827751235403
DGICB,Donegal Group Inc.,672.10M,0.70,0.0446,0.3677,0.0625,Quarterly,23.0,40.0,0.0426,0.0433,Others,0.041,0.049603199684611216,0.025295767223581244,0.06807109744467287,0.05042876813230551,0.025295767223581244,0.06807109744467287,Financial Services,Insurance - Property & Casualty,2.73,5.25,11.18,0.303,-0.024,1.92,0.08780487804878045,-0.11558418633215642
SGU,"Star Group, L.P.",419.66M,0.79,0.0616,0.3554,0.0699,Quarterly,13.0,18.0,0.0669,0.0682,Others,0.0571,0.07789905950145681,0.05635920284710776,0.11470871414056688,0.08115428966306043,0.05635920284710776,0.13891685450054767,Energy,Oil & Gas Refining & Marketing,2.15,69.41,24.07,,0.172,2.27,0.07880910683012267,-0.2409520155280355
ARTNA,Artesian Resources Corporation,338.52M,1.28,0.039,0.5557,0.0406,Quarterly,32.0,34.0,0.0405,0.040999999999999995,Others,0.0291,0.03410509002450643,0.01989841523083375,0.05097870571794084,0.03525873802923465,0.01989841523083375,0.05097870571794084,Utilities,Utilities - Regulated Water,-1.46,72.39,9.42,0.044,0.074,2.28,0.34020618556701027,0.10610878834243301
RGCO,"RGC Resources, Inc.",224.54M,0.87,0.0406,0.6429,0.045599999999999995,Quarterly,22.0,33.0,0.0298,0.0333,Others,0.0379,0.044585729370034945,0.03236836044758128,0.06174107194594873,0.03958582448139493,0.024576817598247654,0.06174107194594873,Utilities,Utilities - Regulated Gas,0.97,121.18,11.69,,-0.009,1.35,0.07124010554089694,0.025619663904732446
UBCP,"United Bancorp, Inc.",85.40M,0.96,0.0641,0.6881999999999999,0.044000000000000004,Quarterly,6.0,34.0,0.056799999999999996,0.0699,Others,0.048,0.07557636579355548,0.04777907317584753,0.11871710809730311,0.07256953234741279,0.04777907317584753,0.11871710809730311,Financial Services,Banks - Regional,-0.24,,12.1,0.091,0.092,1.38,0.33541666666666675,-0.11670920389656793
